R.Condition,PG.ProteinGroups,peptide_count,present_replicate_count,replicate_total_count,present_replicate_percentage
A_manual,A0PJW6,2,4,4,100
A_manual,A1X283,9,4,4,100
A_manual,L0R6Q1,5,4,4,100
A_manual,O00330,11,4,4,100
A_manual,O00487,10,4,4,100
A_manual,O00571,33,4,4,100
A_manual,O00622,9,4,4,100
A_manual,O13516,9,4,4,100
A_manual,O14561,3,4,4,100
A_manual,O14579,10,4,4,100
A_manual,O14657,6,4,4,100
A_manual,O14818,14,4,4,100
A_manual,O14893,2,4,4,100
A_manual,O14929,12,4,4,100
A_manual,O14949,2,4,4,100
A_manual,O14981,12,4,4,100
A_manual,O15014,3,4,4,100
A_manual,O15061,26,4,4,100
A_manual,O15091,9,4,4,100
A_manual,O15160,8,4,4,100
A_manual,O15212,5,4,4,100
A_manual,O15355,16,4,4,100
A_manual,O15400,6,4,4,100
A_manual,O15460,18,4,4,100
A_manual,O15504,5,4,4,100
A_manual,O15511,8,4,4,100
A_manual,O15533,5,4,4,100
A_manual,O43172,19,4,4,100
A_manual,O43324,7,4,4,100
A_manual,O43665,3,4,4,100
A_manual,O43678,3,4,4,100
A_manual,O43837,13,4,4,100
A_manual,O60231,18,4,4,100
A_manual,O60264,27,4,4,100
A_manual,O60294,10,4,4,100
A_manual,O60502,20,4,4,100
A_manual,O60518,13,4,4,100
A_manual,O60671,4,4,4,100
A_manual,O60828,5,4,4,100
A_manual,O60884,13,4,4,100
A_manual,O60921,4,4,4,100
A_manual,O74700,3,4,4,100
A_manual,O75330,6,4,4,100
A_manual,O75352,2,4,4,100
A_manual,O75390,12,4,4,100
A_manual,O75419,2,4,4,100
A_manual,O75643,93,4,4,100
A_manual,O75794,9,4,4,100
A_manual,O75821,15,4,4,100
A_manual,O75915,4,4,4,100
A_manual,O94822,12,4,4,100
A_manual,O94855,10,4,4,100
A_manual,O95197,6,4,4,100
A_manual,O95292,8,4,4,100
A_manual,O95563,2,4,4,100
A_manual,O95671,4,4,4,100
A_manual,O95674,2,4,4,100
A_manual,O95999,2,1,4,25
A_manual,P00045,2,4,4,100
A_manual,P00127,4,4,4,100
A_manual,P00330,16,4,4,100
A_manual,P00359,7,4,4,100
A_manual,P00370,8,4,4,100
A_manual,P00374,7,4,4,100
A_manual,P00387,14,4,4,100
A_manual,P00393,11,4,4,100
A_manual,P00424,5,4,4,100
A_manual,P00448,9,4,4,100
A_manual,P00490,33,4,4,100
A_manual,P00498,10,4,4,100
A_manual,P00509,21,4,4,100
A_manual,P00546,3,4,4,100
A_manual,P00562,4,4,4,100
A_manual,P00582,17,4,4,100
A_manual,P00724,2,4,4,100
A_manual,P00729,7,4,4,100
A_manual,P00761,4,4,4,100
A_manual,P00864,28,4,4,100
A_manual,P00887,3,4,4,100
A_manual,P00924,23,4,4,100
A_manual,P00926,11,4,4,100
A_manual,P00946,17,4,4,100
A_manual,P00957,44,4,4,100
A_manual,P01120,7,4,4,100
A_manual,P02309,3,4,4,100
A_manual,P02400,9,4,4,100
A_manual,P02406,8,4,4,100
A_manual,P02533,35,4,4,100
A_manual,P02749,2,2,4,50
A_manual,P02925,13,4,4,100
A_manual,P02942,22,4,4,100
A_manual,P02943,13,4,4,100
A_manual,P03004,3,4,4,100
A_manual,P04036,9,4,4,100
A_manual,P04079,22,4,4,100
A_manual,P04161,4,4,4,100
A_manual,P04216,2,4,4,100
A_manual,P04335,4,4,4,100
A_manual,P04406,20,4,4,100
A_manual,P04449,4,4,4,100
A_manual,P04650,2,4,4,100
A_manual,P04693,12,4,4,100
A_manual,P04801,30,4,4,100
A_manual,P04803,7,4,4,100
A_manual,P04840,16,4,4,100
A_manual,P04951,9,4,4,100
A_manual,P05055,27,4,4,100
A_manual,P05318,3,4,4,100
A_manual,P05374,4,4,4,100
A_manual,P05459,11,4,4,100
A_manual,P05626,8,4,4,100
A_manual,P05704,19,4,4,100
A_manual,P05706,5,4,4,100
A_manual,P05719,2,1,4,25
A_manual,P05743,8,4,4,100
A_manual,P06100,2,4,4,100
A_manual,P06103,27,4,4,100
A_manual,P06129,21,4,4,100
A_manual,P06168,19,4,4,100
A_manual,P06627,2,3,4,75
A_manual,P06704,5,4,4,100
A_manual,P06710,5,4,4,100
A_manual,P06968,2,4,4,100
A_manual,P06983,10,4,4,100
A_manual,P06992,5,4,4,100
A_manual,P06993,8,4,4,100
A_manual,P06996,23,4,4,100
A_manual,P07004,13,4,4,100
A_manual,P07012,14,4,4,100
A_manual,P07014,16,4,4,100
A_manual,P07024,9,4,4,100
A_manual,P07143,6,4,4,100
A_manual,P07205,2,4,4,100
A_manual,P07255,3,4,4,100
A_manual,P07260,13,4,4,100
A_manual,P07273,11,4,4,100
A_manual,P07285,2,4,4,100
A_manual,P07342,22,4,4,100
A_manual,P07560,6,4,4,100
A_manual,P07806,38,4,4,100
A_manual,P07813,31,4,4,100
A_manual,P08018,3,4,4,100
A_manual,P08244,5,4,4,100
A_manual,P08312,13,4,4,100
A_manual,P08395,3,2,4,50
A_manual,P08679,8,4,4,100
A_manual,P08839,23,4,4,100
A_manual,P08997,8,4,4,100
A_manual,P09053,9,4,4,100
A_manual,P09104,7,4,4,100
A_manual,P09110,10,4,4,100
A_manual,P09147,14,4,4,100
A_manual,P09158,5,4,4,100
A_manual,P09394,19,4,4,100
A_manual,P09436,44,4,4,100
A_manual,P09497,5,4,4,100
A_manual,P09551,13,4,4,100
A_manual,P09601,9,4,4,100
A_manual,P09831,33,4,4,100
A_manual,P09884,28,4,4,100
A_manual,P0A6A8,3,4,4,100
A_manual,P0A6B4,2,1,4,25
A_manual,P0A6C1,3,4,4,100
A_manual,P0A6D3,7,4,4,100
A_manual,P0A6E6,4,4,4,100
A_manual,P0A6F5,32,4,4,100
A_manual,P0A6G3,5,4,4,100
A_manual,P0A6H1,22,4,4,100
A_manual,P0A6H5,17,4,4,100
A_manual,P0A6I0,8,4,4,100
A_manual,P0A6J8,9,4,4,100
A_manual,P0A6K1,3,3,4,75
A_manual,P0A6K6,19,4,4,100
A_manual,P0A6L2,10,4,4,100
A_manual,P0A6N4,5,4,4,100
A_manual,P0A6N8,7,4,4,100
A_manual,P0A6P7,7,4,4,100
A_manual,P0A6R3,2,4,4,100
A_manual,P0A6S3,4,4,4,100
A_manual,P0A6U3,3,4,4,100
A_manual,P0A6V8,5,4,4,100
A_manual,P0A6X7,6,4,4,100
A_manual,P0A6Y1,3,4,4,100
A_manual,P0A6Y5,10,4,4,100
A_manual,P0A6Z3,35,4,4,100
A_manual,P0A715,12,4,4,100
A_manual,P0A717,14,4,4,100
A_manual,P0A742,2,1,4,25
A_manual,P0A746,6,4,4,100
A_manual,P0A749,10,4,4,100
A_manual,P0A7A7,15,4,4,100
A_manual,P0A7B1,2,1,4,25
A_manual,P0A7B5,10,4,4,100
A_manual,P0A7C2,5,4,4,100
A_manual,P0A7D1,6,4,4,100
A_manual,P0A7D7,5,4,4,100
A_manual,P0A7F6,6,4,4,100
A_manual,P0A7I7,3,4,4,100
A_manual,P0A7J0,6,4,4,100
A_manual,P0A7J3,7,4,4,100
A_manual,P0A7J7,6,4,4,100
A_manual,P0A7K2,8,4,4,100
A_manual,P0A7L8,3,4,4,100
A_manual,P0A7M9,4,4,4,100
A_manual,P0A7N4,3,4,4,100
A_manual,P0A7P5,2,4,4,100
A_manual,P0A7S3,3,4,4,100
A_manual,P0A7T3,6,4,4,100
A_manual,P0A7U3,5,4,4,100
A_manual,P0A7V8,10,4,4,100
A_manual,P0A7X6,9,4,4,100
A_manual,P0A7Z4,17,4,4,100
A_manual,P0A800,7,4,4,100
A_manual,P0A805,7,4,4,100
A_manual,P0A830,4,4,4,100
A_manual,P0A832,3,4,4,100
A_manual,P0A850,25,4,4,100
A_manual,P0A855,19,4,4,100
A_manual,P0A858,9,4,4,100
A_manual,P0A862,8,4,4,100
A_manual,P0A867,8,4,4,100
A_manual,P0A879,7,4,4,100
A_manual,P0A881,2,2,4,50
A_manual,P0A884,5,4,4,100
A_manual,P0A894,6,4,4,100
A_manual,P0A8A0,8,4,4,100
A_manual,P0A8A8,5,4,4,100
A_manual,P0A8D0,2,3,4,75
A_manual,P0A8E7,9,4,4,100
A_manual,P0A8G6,7,4,4,100
A_manual,P0A8I3,9,4,4,100
A_manual,P0A8J4,3,4,4,100
A_manual,P0A8J8,11,4,4,100
A_manual,P0A8N3,28,4,4,100
A_manual,P0A8V6,8,4,4,100
A_manual,P0A8W0,5,4,4,100
A_manual,P0A8X2,5,4,4,100
A_manual,P0A910,14,4,4,100
A_manual,P0A927,7,4,4,100
A_manual,P0A951,5,4,4,100
A_manual,P0A998,6,4,4,100
A_manual,P0A9A6,22,4,4,100
A_manual,P0A9C3,13,4,4,100
A_manual,P0A9C5,19,4,4,100
A_manual,P0A9D2,7,4,4,100
A_manual,P0A9G6,14,4,4,100
A_manual,P0A9G8,3,3,4,75
A_manual,P0A9H3,7,4,4,100
A_manual,P0A9H7,6,4,4,100
A_manual,P0A9H9,12,4,4,100
A_manual,P0A9K3,13,4,4,100
A_manual,P0A9L5,2,4,4,100
A_manual,P0A9L8,6,4,4,100
A_manual,P0A9M0,35,4,4,100
A_manual,P0A9M5,7,4,4,100
A_manual,P0A9P0,20,4,4,100
A_manual,P0A9P6,23,4,4,100
A_manual,P0A9V1,10,4,4,100
A_manual,P0A9W3,31,4,4,100
A_manual,P0A9Z1,3,4,4,100
A_manual,P0AA25,5,4,4,100
A_manual,P0AA39,7,4,4,100
A_manual,P0AAB4,7,4,4,100
A_manual,P0AAC8,5,4,4,100
A_manual,P0AAH0,3,4,4,100
A_manual,P0AAI5,16,4,4,100
A_manual,P0AAP3,3,4,4,100
A_manual,P0AAR3,4,4,4,100
A_manual,P0AAS0,4,4,4,100
A_manual,P0AB61,2,4,4,100
A_manual,P0AB91,8,4,4,100
A_manual,P0ABA4,8,4,4,100
A_manual,P0ABB0,25,4,4,100
A_manual,P0ABB4,27,4,4,100
A_manual,P0ABB8,5,4,4,100
A_manual,P0ABC3,14,4,4,100
A_manual,P0ABD3,8,4,4,100
A_manual,P0ABD8,4,4,4,100
A_manual,P0ABF1,10,4,4,100
A_manual,P0ABI8,8,4,4,100
A_manual,P0ABW9,4,4,4,100
A_manual,P0AC02,10,4,4,100
A_manual,P0AC16,3,4,4,100
A_manual,P0AC38,16,4,4,100
A_manual,P0AC41,25,4,4,100
A_manual,P0AC81,3,4,4,100
A_manual,P0ACB2,6,4,4,100
A_manual,P0ACE0,7,4,4,100
A_manual,P0ACE7,3,4,4,100
A_manual,P0ACF8,8,4,4,100
A_manual,P0ACI0,6,4,4,100
A_manual,P0ACJ0,8,4,4,100
A_manual,P0ACL2,2,2,4,50
A_manual,P0ACN4,3,3,4,75
A_manual,P0ACN7,2,1,4,25
A_manual,P0ACQ4,8,4,4,100
A_manual,P0ACX3,3,4,4,100
A_manual,P0AD12,4,4,4,100
A_manual,P0AD59,4,4,4,100
A_manual,P0AD61,22,4,4,100
A_manual,P0ADA3,6,4,4,100
A_manual,P0ADC6,2,3,4,75
A_manual,P0ADN6,3,4,4,100
A_manual,P0ADP0,5,4,4,100
A_manual,P0ADP9,4,4,4,100
A_manual,P0ADR6,3,2,4,50
A_manual,P0ADS6,7,4,4,100
A_manual,P0ADT5,8,4,4,100
A_manual,P0ADV9,3,4,4,100
A_manual,P0ADW3,6,4,4,100
A_manual,P0ADX1,2,4,4,100
A_manual,P0ADX7,3,3,4,75
A_manual,P0ADY7,5,4,4,100
A_manual,P0AE06,15,4,4,100
A_manual,P0AE22,6,4,4,100
A_manual,P0AE67,6,4,4,100
A_manual,P0AE78,7,4,4,100
A_manual,P0AEB2,20,4,4,100
A_manual,P0AEC3,8,4,4,100
A_manual,P0AED5,2,3,4,75
A_manual,P0AEE1,10,4,4,100
A_manual,P0AEE3,2,2,4,50
A_manual,P0AEI1,18,4,4,100
A_manual,P0AEK4,13,4,4,100
A_manual,P0AEN1,10,4,4,100
A_manual,P0AET8,4,4,4,100
A_manual,P0AEW4,3,2,4,50
A_manual,P0AEW6,6,4,4,100
A_manual,P0AEW9,2,2,4,50
A_manual,P0AF03,5,4,4,100
A_manual,P0AF08,6,4,4,100
A_manual,P0AF18,4,4,4,100
A_manual,P0AF20,4,4,4,100
A_manual,P0AF24,7,4,4,100
A_manual,P0AF50,3,4,4,100
A_manual,P0AF54,2,2,4,50
A_manual,P0AF93,5,4,4,100
A_manual,P0AFF2,2,4,4,100
A_manual,P0AFG0,9,4,4,100
A_manual,P0AFG3,34,4,4,100
A_manual,P0AFG6,17,4,4,100
A_manual,P0AFI7,8,4,4,100
A_manual,P0AFJ1,2,4,4,100
A_manual,P0AFJ7,3,4,4,100
A_manual,P0AFL6,6,4,4,100
A_manual,P0AFX0,3,4,4,100
A_manual,P0AFX4,2,4,4,100
A_manual,P0AFX7,4,4,4,100
A_manual,P0AFX9,3,3,4,75
A_manual,P0AFZ1,2,4,4,100
A_manual,P0AFZ3,4,4,4,100
A_manual,P0AG00,6,4,4,100
A_manual,P0AG14,7,4,4,100
A_manual,P0AG27,5,4,4,100
A_manual,P0AG30,25,4,4,100
A_manual,P0AG44,5,4,4,100
A_manual,P0AG51,2,4,4,100
A_manual,P0AG63,3,4,4,100
A_manual,P0AG80,15,4,4,100
A_manual,P0AG82,8,4,4,100
A_manual,P0AG93,5,4,4,100
A_manual,P0AGA2,6,4,4,100
A_manual,P0AGD3,8,4,4,100
A_manual,P0AGE9,14,4,4,100
A_manual,P0AGG2,4,4,4,100
A_manual,P0AGG8,13,4,4,100
A_manual,P0AGJ2,2,2,4,50
A_manual,P0AGK8,5,4,4,100
A_manual,P0AGL7,3,4,4,100
A_manual,P0C018,3,4,4,100
A_manual,P0C037,2,4,4,100
A_manual,P0C079,2,4,4,100
A_manual,P0C0L9,2,1,4,25
A_manual,P0C0R7,5,4,4,100
A_manual,P0C0S1,4,4,4,100
A_manual,P0C0S5;Q71UI9,3,4,4,100
A_manual,P0C0V0,18,4,4,100
A_manual,P0C2H8;P0C2H9,5,4,4,100
A_manual,P0C2I9,38,4,4,100
A_manual,P0C5N3,3,4,4,100
A_manual,P0CT04,4,4,4,100
A_manual,P0CX25;P0CX26,3,4,4,100
A_manual,P0CX33;P0CX34,3,4,4,100
A_manual,P0CX37;P0CX38,10,4,4,100
A_manual,P0DTT0,25,4,4,100
A_manual,P10026,4,4,4,100
A_manual,P10346,6,4,4,100
A_manual,P10384,7,4,4,100
A_manual,P10408,42,4,4,100
A_manual,P10614,4,4,4,100
A_manual,P10662,7,4,4,100
A_manual,P10963,23,4,4,100
A_manual,P11075,21,4,4,100
A_manual,P11076,10,4,4,100
A_manual,P11154,10,4,4,100
A_manual,P11279,4,4,4,100
A_manual,P11491,3,4,4,100
A_manual,P11557,7,4,4,100
A_manual,P12385,14,4,4,100
A_manual,P12694,8,4,4,100
A_manual,P13009,13,4,4,100
A_manual,P13029,27,4,4,100
A_manual,P13298,13,4,4,100
A_manual,P13482,6,4,4,100
A_manual,P13646,10,4,4,100
A_manual,P13667,31,4,4,100
A_manual,P13717,3,4,4,100
A_manual,P13797,31,4,4,100
A_manual,P13987,4,4,4,100
A_manual,P14065,7,4,4,100
A_manual,P14635,6,4,4,100
A_manual,P14843,8,4,4,100
A_manual,P14900,6,4,4,100
A_manual,P15019,16,4,4,100
A_manual,P15070,3,4,4,100
A_manual,P15274,13,4,4,100
A_manual,P15288,19,4,4,100
A_manual,P15924,68,4,4,100
A_manual,P15977,16,4,4,100
A_manual,P16095,8,4,4,100
A_manual,P16456,8,4,4,100
A_manual,P16528,2,4,4,100
A_manual,P16659,27,4,4,100
A_manual,P16703,3,2,4,50
A_manual,P16930,10,4,4,100
A_manual,P16965,2,4,4,100
A_manual,P16989,10,4,4,100
A_manual,P17169,25,4,4,100
A_manual,P17252,13,4,4,100
A_manual,P17275,6,4,4,100
A_manual,P17302,2,4,4,100
A_manual,P17813,8,4,4,100
A_manual,P17931,7,4,4,100
A_manual,P17952,12,4,4,100
A_manual,P17967,17,4,4,100
A_manual,P17993,10,4,4,100
A_manual,P18031,14,4,4,100
A_manual,P18085,6,4,4,100
A_manual,P18133,5,4,4,100
A_manual,P18239,11,4,4,100
A_manual,P18899,18,4,4,100
A_manual,P19097,73,4,4,100
A_manual,P19105,12,4,4,100
A_manual,P19174,16,4,4,100
A_manual,P19388,7,4,4,100
A_manual,P19623,14,4,4,100
A_manual,P19926,15,4,4,100
A_manual,P20049,6,4,4,100
A_manual,P20083,13,4,4,100
A_manual,P20107,2,4,4,100
A_manual,P20433,4,4,4,100
A_manual,P20435,2,4,4,100
A_manual,P20448,17,4,4,100
A_manual,P20585,10,4,4,100
A_manual,P21127;Q9UQ88,12,4,4,100
A_manual,P21151,12,4,4,100
A_manual,P21165,16,4,4,100
A_manual,P21170,15,4,4,100
A_manual,P21304,16,4,4,100
A_manual,P21373,5,4,4,100
A_manual,P21513,34,4,4,100
A_manual,P21576,29,4,4,100
A_manual,P21645,4,4,4,100
A_manual,P21801,10,4,4,100
A_manual,P21889,29,4,4,100
A_manual,P21954,23,4,4,100
A_manual,P22087,9,4,4,100
A_manual,P22102,35,4,4,100
A_manual,P22106,15,4,4,100
A_manual,P22135,2,4,4,100
A_manual,P22217,4,4,4,100
A_manual,P22234,14,4,4,100
A_manual,P22255,6,4,4,100
A_manual,P22259,25,4,4,100
A_manual,P22333,10,4,4,100
A_manual,P22392,11,4,4,100
A_manual,P22523,31,4,4,100
A_manual,P22524,7,4,4,100
A_manual,P22634,2,4,4,100
A_manual,P22939,2,4,4,100
A_manual,P23180,12,4,4,100
A_manual,P23254,28,4,4,100
A_manual,P23291,6,4,4,100
A_manual,P23292,8,4,4,100
A_manual,P23524,3,2,4,50
A_manual,P23594,4,4,4,100
A_manual,P23634,13,4,4,100
A_manual,P23641,15,4,4,100
A_manual,P23827,6,4,4,100
A_manual,P23833,3,4,4,100
A_manual,P23839,9,4,4,100
A_manual,P23857,5,4,4,100
A_manual,P23865,16,4,4,100
A_manual,P23869,4,4,4,100
A_manual,P23894,4,4,4,100
A_manual,P24031,2,4,4,100
A_manual,P24202,6,4,4,100
A_manual,P24205,2,2,4,50
A_manual,P24232,7,4,4,100
A_manual,P24279,5,4,4,100
A_manual,P24521,6,4,4,100
A_manual,P24928,36,4,4,100
A_manual,P25087,17,4,4,100
A_manual,P25339,6,4,4,100
A_manual,P25359,2,4,4,100
A_manual,P25375,16,4,4,100
A_manual,P25382,3,4,4,100
A_manual,P25385,4,4,4,100
A_manual,P25445,2,4,4,100
A_manual,P25553,29,4,4,100
A_manual,P25555,7,4,4,100
A_manual,P25580,3,4,4,100
A_manual,P25582,12,4,4,100
A_manual,P25588,3,4,4,100
A_manual,P25619,3,4,4,100
A_manual,P25635,7,4,4,100
A_manual,P25644,6,4,4,100
A_manual,P25654,3,4,4,100
A_manual,P25719,8,4,4,100
A_manual,P25738,3,4,4,100
A_manual,P25808,2,3,4,75
A_manual,P26358,34,4,4,100
A_manual,P26583,4,4,4,100
A_manual,P26608,5,4,4,100
A_manual,P26754,2,4,4,100
A_manual,P26755,2,4,4,100
A_manual,P26784,5,4,4,100
A_manual,P26786,5,4,4,100
A_manual,P27105,8,4,4,100
A_manual,P27240,2,1,4,25
A_manual,P27248,11,4,4,100
A_manual,P27278,4,3,4,75
A_manual,P27302,24,4,4,100
A_manual,P27303,5,4,4,100
A_manual,P27550,24,4,4,100
A_manual,P27707,9,4,4,100
A_manual,P27816,39,4,4,100
A_manual,P27828,8,4,4,100
A_manual,P27838,5,4,4,100
A_manual,P27848,6,4,4,100
A_manual,P28240,15,4,4,100
A_manual,P28272,9,4,4,100
A_manual,P28273,6,4,4,100
A_manual,P28274,20,4,4,100
A_manual,P28321,6,4,4,100
A_manual,P28707,6,4,4,100
A_manual,P28789,4,4,4,100
A_manual,P28834,14,4,4,100
A_manual,P29055,2,4,4,100
A_manual,P29131,6,4,4,100
A_manual,P29453,3,4,4,100
A_manual,P29952,12,4,4,100
A_manual,P30011,6,4,4,100
A_manual,P30040,11,4,4,100
A_manual,P30048,7,4,4,100
A_manual,P30085,13,4,4,100
A_manual,P30086,12,4,4,100
A_manual,P30178,3,4,4,100
A_manual,P30624,19,4,4,100
A_manual,P30771,6,4,4,100
A_manual,P30859,9,4,4,100
A_manual,P30863,4,3,4,75
A_manual,P30958,14,4,4,100
A_manual,P31224,11,4,4,100
A_manual,P31539,47,4,4,100
A_manual,P31680,3,3,4,75
A_manual,P31808,6,4,4,100
A_manual,P31827,10,4,4,100
A_manual,P32157,4,4,4,100
A_manual,P32191,20,4,4,100
A_manual,P32264,11,4,4,100
A_manual,P32319,2,4,4,100
A_manual,P32331,2,4,4,100
A_manual,P32386,17,4,4,100
A_manual,P32449,9,4,4,100
A_manual,P32467,3,4,4,100
A_manual,P32468,13,4,4,100
A_manual,P32477,3,4,4,100
A_manual,P32481,19,4,4,100
A_manual,P32590,14,4,4,100
A_manual,P32610,3,4,4,100
A_manual,P32623,2,4,4,100
A_manual,P32628,11,4,4,100
A_manual,P32684,2,3,4,75
A_manual,P32695,6,4,4,100
A_manual,P32719,3,4,4,100
A_manual,P32769,11,4,4,100
A_manual,P32783,3,4,4,100
A_manual,P32860,10,4,4,100
A_manual,P32867,3,4,4,100
A_manual,P33240,9,4,4,100
A_manual,P33297,22,4,4,100
A_manual,P33299,19,4,4,100
A_manual,P33307,18,4,4,100
A_manual,P33330,13,4,4,100
A_manual,P33417,2,4,4,100
A_manual,P33418,2,4,4,100
A_manual,P33602,27,4,4,100
A_manual,P33607,3,3,4,75
A_manual,P33643,3,4,4,100
A_manual,P33754,2,4,4,100
A_manual,P33767,10,4,4,100
A_manual,P33920,10,4,4,100
A_manual,P34077,12,4,4,100
A_manual,P34253,5,4,4,100
A_manual,P35249,15,4,4,100
A_manual,P35340,22,4,4,100
A_manual,P35611,9,4,4,100
A_manual,P35691,7,4,4,100
A_manual,P35723,4,4,4,100
A_manual,P35728,2,3,4,75
A_manual,P35844,12,4,4,100
A_manual,P36008,18,4,4,100
A_manual,P36015,9,4,4,100
A_manual,P36046,4,4,4,100
A_manual,P36060,12,4,4,100
A_manual,P36095,3,4,4,100
A_manual,P36100,4,4,4,100
A_manual,P36108,3,4,4,100
A_manual,P36123,6,4,4,100
A_manual,P36147,2,4,4,100
A_manual,P36534,5,4,4,100
A_manual,P36639,6,4,4,100
A_manual,P37051,9,4,4,100
A_manual,P37291,20,4,4,100
A_manual,P37349,10,4,4,100
A_manual,P37440,11,4,4,100
A_manual,P37613,3,3,4,75
A_manual,P37666,7,4,4,100
A_manual,P37747,14,4,4,100
A_manual,P37773,9,4,4,100
A_manual,P37902,12,4,4,100
A_manual,P38013,11,4,4,100
A_manual,P38074,5,4,4,100
A_manual,P38075,9,4,4,100
A_manual,P38088,31,4,4,100
A_manual,P38137,13,4,4,100
A_manual,P38143,3,4,4,100
A_manual,P38145,8,4,4,100
A_manual,P38205,21,4,4,100
A_manual,P38230,5,4,4,100
A_manual,P38237,8,4,4,100
A_manual,P38295,14,4,4,100
A_manual,P38353,8,4,4,100
A_manual,P38427,21,4,4,100
A_manual,P38439,8,4,4,100
A_manual,P38521,3,4,4,100
A_manual,P38630,2,4,4,100
A_manual,P38631,20,4,4,100
A_manual,P38688,7,4,4,100
A_manual,P38697,2,4,4,100
A_manual,P38698,6,4,4,100
A_manual,P38701,4,4,4,100
A_manual,P38720,28,4,4,100
A_manual,P38737,14,4,4,100
A_manual,P38747,3,4,4,100
A_manual,P38758,8,4,4,100
A_manual,P38765,3,4,4,100
A_manual,P38789,4,4,4,100
A_manual,P38792,4,4,4,100
A_manual,P38795,16,4,4,100
A_manual,P38817,8,4,4,100
A_manual,P38840,22,4,4,100
A_manual,P38879,7,4,4,100
A_manual,P38890,2,4,4,100
A_manual,P38986,8,4,4,100
A_manual,P39003,11,4,4,100
A_manual,P39008,3,4,4,100
A_manual,P39015,8,4,4,100
A_manual,P39079,10,4,4,100
A_manual,P39105,8,4,4,100
A_manual,P39177,6,4,4,100
A_manual,P39180,32,4,4,100
A_manual,P39199,5,4,4,100
A_manual,P39325,4,4,4,100
A_manual,P39337,5,4,4,100
A_manual,P39371,4,3,4,75
A_manual,P39401,6,4,4,100
A_manual,P39522,24,4,4,100
A_manual,P39676,18,4,4,100
A_manual,P39714,4,4,4,100
A_manual,P39726,5,4,4,100
A_manual,P39742,2,4,4,100
A_manual,P39743,9,4,4,100
A_manual,P39744,10,4,4,100
A_manual,P39838,4,4,4,100
A_manual,P39925,5,4,4,100
A_manual,P39931,7,4,4,100
A_manual,P39940,18,4,4,100
A_manual,P39954,15,4,4,100
A_manual,P39976,23,4,4,100
A_manual,P39984,5,4,4,100
A_manual,P39985,8,4,4,100
A_manual,P40022,3,4,4,100
A_manual,P40037,7,4,4,100
A_manual,P40053,14,4,4,100
A_manual,P40064,5,4,4,100
A_manual,P40079,6,4,4,100
A_manual,P40087,11,4,4,100
A_manual,P40091,3,4,4,100
A_manual,P40096,2,4,4,100
A_manual,P40106,10,4,4,100
A_manual,P40120,8,4,4,100
A_manual,P40121,9,4,4,100
A_manual,P40150,3,4,4,100
A_manual,P40154,4,4,4,100
A_manual,P40159,6,4,4,100
A_manual,P40165,2,4,4,100
A_manual,P40185,6,4,4,100
A_manual,P40210,2,4,4,100
A_manual,P40215,17,4,4,100
A_manual,P40261,8,4,4,100
A_manual,P40312,5,4,4,100
A_manual,P40317,2,4,4,100
A_manual,P40343,12,4,4,100
A_manual,P40347,3,4,4,100
A_manual,P40363,5,4,4,100
A_manual,P40364,7,4,4,100
A_manual,P40482,25,4,4,100
A_manual,P40485,6,4,4,100
A_manual,P40487,2,4,4,100
A_manual,P40510,11,4,4,100
A_manual,P40513,6,4,4,100
A_manual,P40515,4,4,4,100
A_manual,P40540,2,4,4,100
A_manual,P40564,9,4,4,100
A_manual,P40855,9,4,4,100
A_manual,P40937,13,4,4,100
A_manual,P41052,5,4,4,100
A_manual,P41236,6,4,4,100
A_manual,P41277,8,4,4,100
A_manual,P41567,5,4,4,100
A_manual,P41811,31,4,4,100
A_manual,P41818,11,4,4,100
A_manual,P41939,12,4,4,100
A_manual,P42126,6,4,4,100
A_manual,P42167,8,4,4,100
A_manual,P42330,21,4,4,100
A_manual,P42599,4,4,4,100
A_manual,P42632,10,4,4,100
A_manual,P42641,7,4,4,100
A_manual,P42839,2,4,4,100
A_manual,P42945,13,4,4,100
A_manual,P42949,4,4,4,100
A_manual,P43321,2,4,4,100
A_manual,P43567,7,4,4,100
A_manual,P43587,3,4,4,100
A_manual,P43590,12,4,4,100
A_manual,P43603,7,4,4,100
A_manual,P43609,10,4,4,100
A_manual,P43612,9,4,4,100
A_manual,P43671,5,4,4,100
A_manual,P43897,10,4,4,100
A_manual,P45395,4,4,4,100
A_manual,P45578,9,4,4,100
A_manual,P45748,7,4,4,100
A_manual,P45799,6,4,4,100
A_manual,P45978,9,4,4,100
A_manual,P46063,22,4,4,100
A_manual,P46130,9,4,4,100
A_manual,P46367,25,4,4,100
A_manual,P46672,17,4,4,100
A_manual,P46676,8,4,4,100
A_manual,P46736,6,4,4,100
A_manual,P46783,5,4,4,100
A_manual,P46837,26,4,4,100
A_manual,P46853,7,4,4,100
A_manual,P46959,3,4,4,100
A_manual,P46984,5,4,4,100
A_manual,P46988,3,4,4,100
A_manual,P47057,17,4,4,100
A_manual,P47068,40,4,4,100
A_manual,P47096,12,4,4,100
A_manual,P47116,9,4,4,100
A_manual,P47127,5,4,4,100
A_manual,P47165,5,4,4,100
A_manual,P47166,12,4,4,100
A_manual,P47818,2,4,4,100
A_manual,P48362,5,4,4,100
A_manual,P48415,28,4,4,100
A_manual,P48426,4,4,4,100
A_manual,P48439,2,4,4,100
A_manual,P48589,7,4,4,100
A_manual,P48960,14,4,4,100
A_manual,P49095,3,4,4,100
A_manual,P49321,34,4,4,100
A_manual,P49406,10,4,4,100
A_manual,P49454,30,4,4,100
A_manual,P49573,5,4,4,100
A_manual,P50085,6,4,4,100
A_manual,P50086,3,4,4,100
A_manual,P50087,3,4,4,100
A_manual,P50395,31,4,4,100
A_manual,P50454,21,4,4,100
A_manual,P50945,3,4,4,100
A_manual,P51024,3,4,4,100
A_manual,P51149,14,4,4,100
A_manual,P51159,4,4,4,100
A_manual,P51601,5,4,4,100
A_manual,P51610,31,4,4,100
A_manual,P51649,2,4,4,100
A_manual,P51659,22,4,4,100
A_manual,P51784,4,4,4,100
A_manual,P51991,14,4,4,100
A_manual,P52061,4,4,4,100
A_manual,P52074,2,3,4,75
A_manual,P52298,2,4,4,100
A_manual,P52613,2,1,4,25
A_manual,P52627,3,4,4,100
A_manual,P52888,15,4,4,100
A_manual,P53011,3,4,4,100
A_manual,P53075,18,4,4,100
A_manual,P53090,21,4,4,100
A_manual,P53091,6,4,4,100
A_manual,P53131,19,4,4,100
A_manual,P53145,9,4,4,100
A_manual,P53163,5,4,4,100
A_manual,P53228,7,4,4,100
A_manual,P53235,17,4,4,100
A_manual,P53252,15,4,4,100
A_manual,P53254,10,4,4,100
A_manual,P53312,12,4,4,100
A_manual,P53337,4,4,4,100
A_manual,P53582,13,4,4,100
A_manual,P53633,5,4,4,100
A_manual,P53739,5,4,4,100
A_manual,P53858,2,4,4,100
A_manual,P53868,3,4,4,100
A_manual,P53877,5,4,4,100
A_manual,P53883,5,4,4,100
A_manual,P53894,3,4,4,100
A_manual,P53903,5,4,4,100
A_manual,P53946,6,4,4,100
A_manual,P53950,2,4,4,100
A_manual,P53978,14,4,4,100
A_manual,P54105,7,4,4,100
A_manual,P54115,26,4,4,100
A_manual,P54252,2,4,4,100
A_manual,P54619,10,4,4,100
A_manual,P54783,15,4,4,100
A_manual,P54839,19,4,4,100
A_manual,P54861,20,4,4,100
A_manual,P54964,5,4,4,100
A_manual,P55072,46,4,4,100
A_manual,P55735,9,4,4,100
A_manual,P56385,4,4,4,100
A_manual,P57081,6,4,4,100
A_manual,P60293,13,4,4,100
A_manual,P60438,9,4,4,100
A_manual,P60723,9,4,4,100
A_manual,P60757,2,1,4,25
A_manual,P60785,20,4,4,100
A_manual,P60906,15,4,4,100
A_manual,P61020,4,4,4,100
A_manual,P61073,2,3,4,75
A_manual,P61077;P62837,2,4,4,100
A_manual,P61086,9,4,4,100
A_manual,P61160,14,4,4,100
A_manual,P61353,7,4,4,100
A_manual,P61714,6,4,4,100
A_manual,P61887,2,3,4,75
A_manual,P61916,6,4,4,100
A_manual,P62195,19,4,4,100
A_manual,P62241,11,4,4,100
A_manual,P62256,5,4,4,100
A_manual,P62269,9,4,4,100
A_manual,P62273,2,4,4,100
A_manual,P62306,5,4,4,100
A_manual,P62633,5,4,4,100
A_manual,P62768,7,4,4,100
A_manual,P62820,3,4,4,100
A_manual,P62942,5,4,4,100
A_manual,P63020,7,4,4,100
A_manual,P63096,6,4,4,100
A_manual,P63220,3,4,4,100
A_manual,P63241,10,4,4,100
A_manual,P63284,35,4,4,100
A_manual,P63386,7,4,4,100
A_manual,P63417,6,4,4,100
A_manual,P64506,2,4,4,100
A_manual,P64534,2,4,4,100
A_manual,P64559,2,2,4,50
A_manual,P64581,2,4,4,100
A_manual,P64596,7,4,4,100
A_manual,P65556,4,4,4,100
A_manual,P66817,3,4,4,100
A_manual,P66948,6,3,4,75
A_manual,P67910,16,4,4,100
A_manual,P68366,5,4,4,100
A_manual,P68679,7,4,4,100
A_manual,P68919,6,4,4,100
A_manual,P69222,3,4,4,100
A_manual,P69228,7,4,4,100
A_manual,P69776,2,4,4,100
A_manual,P69924,15,4,4,100
A_manual,P75736,2,3,4,75
A_manual,P75767,2,2,4,50
A_manual,P75780,2,1,4,25
A_manual,P75849,7,4,4,100
A_manual,P75874,6,4,4,100
A_manual,P75937,10,4,4,100
A_manual,P75959,2,1,4,25
A_manual,P76014,8,4,4,100
A_manual,P76027,4,4,4,100
A_manual,P76034,8,4,4,100
A_manual,P76113,3,2,4,50
A_manual,P76206,6,4,4,100
A_manual,P76231,3,3,4,75
A_manual,P76270,7,4,4,100
A_manual,P76290,9,4,4,100
A_manual,P76291,7,4,4,100
A_manual,P76308,2,4,4,100
A_manual,P76346,4,4,4,100
A_manual,P76403,10,4,4,100
A_manual,P76569,4,4,4,100
A_manual,P76576,9,4,4,100
A_manual,P77173,7,4,4,100
A_manual,P77318,12,4,4,100
A_manual,P77695,4,4,4,100
A_manual,P77735,10,4,4,100
A_manual,P77737,9,4,4,100
A_manual,P78318,9,4,4,100
A_manual,P80235,10,4,4,100
A_manual,P82912,4,4,4,100
A_manual,P84077,2,4,4,100
A_manual,P89105,11,4,4,100
A_manual,P89886,5,4,4,100
A_manual,P98175,16,4,4,100
A_manual,P99999,6,4,4,100
A_manual,Q00362,3,4,4,100
A_manual,Q00653,3,4,4,100
A_manual,Q00688,7,4,4,100
A_manual,Q00764,16,4,4,100
A_manual,Q00772,6,4,4,100
A_manual,Q01082,111,4,4,100
A_manual,Q01477,10,4,4,100
A_manual,Q01519,4,4,4,100
A_manual,Q01581,13,4,4,100
A_manual,Q01970,25,4,4,100
A_manual,Q02046,12,4,4,100
A_manual,Q02204,6,4,4,100
A_manual,Q02206,2,4,4,100
A_manual,Q02256,5,4,4,100
A_manual,Q02354,4,4,4,100
A_manual,Q02413,9,4,4,100
A_manual,Q02455,18,4,4,100
A_manual,Q02486,5,4,4,100
A_manual,Q02753,7,4,4,100
A_manual,Q02792,9,4,4,100
A_manual,Q02809,28,4,4,100
A_manual,Q02821,11,4,4,100
A_manual,Q02878,12,4,4,100
A_manual,Q02884,2,4,4,100
A_manual,Q02908,4,4,4,100
A_manual,Q02931,13,4,4,100
A_manual,Q02933,2,4,4,100
A_manual,Q02939,2,3,4,75
A_manual,Q03322,2,4,4,100
A_manual,Q03558,20,4,4,100
A_manual,Q03655,12,4,4,100
A_manual,Q03701,28,4,4,100
A_manual,Q03707,6,4,4,100
A_manual,Q03713,3,4,4,100
A_manual,Q03761,8,4,4,100
A_manual,Q03769,5,4,4,100
A_manual,Q03771,5,4,4,100
A_manual,Q03862,14,4,4,100
A_manual,Q04067,10,4,4,100
A_manual,Q04225,13,4,4,100
A_manual,Q04401,3,4,4,100
A_manual,Q04409,10,4,4,100
A_manual,Q04410,2,4,4,100
A_manual,Q04438,3,4,4,100
A_manual,Q04439,7,4,4,100
A_manual,Q04458,9,4,4,100
A_manual,Q04493,3,4,4,100
A_manual,Q04599,8,4,4,100
A_manual,Q04603,4,4,4,100
A_manual,Q04632,3,4,4,100
A_manual,Q04721,17,4,4,100
A_manual,Q04781,6,4,4,100
A_manual,Q04869,7,4,4,100
A_manual,Q05029,2,3,4,75
A_manual,Q05050,28,4,4,100
A_manual,Q05506,34,4,4,100
A_manual,Q05584,4,4,4,100
A_manual,Q05682,20,4,4,100
A_manual,Q05775,9,4,4,100
A_manual,Q05788,3,4,4,100
A_manual,Q05812,7,4,4,100
A_manual,Q05911,22,4,4,100
A_manual,Q05926,2,4,4,100
A_manual,Q05946,3,4,4,100
A_manual,Q05948,4,4,4,100
A_manual,Q06053,6,4,4,100
A_manual,Q06205,7,4,4,100
A_manual,Q06214,4,4,4,100
A_manual,Q06287,5,4,4,100
A_manual,Q06338,5,4,4,100
A_manual,Q06506,6,4,4,100
A_manual,Q06624,3,4,4,100
A_manual,Q06839,5,4,4,100
A_manual,Q07451,4,4,4,100
A_manual,Q07505,5,4,4,100
A_manual,Q07551,10,4,4,100
A_manual,Q07623,4,4,4,100
A_manual,Q07807,10,4,4,100
A_manual,Q07824,2,4,4,100
A_manual,Q07844,6,4,4,100
A_manual,Q07864,11,4,4,100
A_manual,Q07938,4,4,4,100
A_manual,Q07954,22,4,4,100
A_manual,Q07960,18,4,4,100
A_manual,Q08096,5,4,4,100
A_manual,Q08287,2,4,4,100
A_manual,Q08380,12,4,4,100
A_manual,Q08438,2,4,4,100
A_manual,Q08554,3,2,4,50
A_manual,Q08645,5,4,4,100
A_manual,Q08647,15,4,4,100
A_manual,Q08686,10,4,4,100
A_manual,Q08962,2,4,4,100
A_manual,Q08965,7,4,4,100
A_manual,Q08972,33,4,4,100
A_manual,Q08AD1,16,4,4,100
A_manual,Q12009,2,4,4,100
A_manual,Q12025,4,4,4,100
A_manual,Q12029,5,4,4,100
A_manual,Q12040,2,4,4,100
A_manual,Q12044,15,4,4,100
A_manual,Q12072,2,4,4,100
A_manual,Q12074,13,4,4,100
A_manual,Q12080,3,4,4,100
A_manual,Q12122,18,4,4,100
A_manual,Q12125,9,4,4,100
A_manual,Q12149,5,4,4,100
A_manual,Q12159,9,4,4,100
A_manual,Q12163,4,4,4,100
A_manual,Q12189,7,4,4,100
A_manual,Q12230,13,4,4,100
A_manual,Q12265,12,4,4,100
A_manual,Q12277,2,4,4,100
A_manual,Q12287,2,4,4,100
A_manual,Q12314,7,4,4,100
A_manual,Q12341,2,4,4,100
A_manual,Q12354,2,4,4,100
A_manual,Q12355,4,4,4,100
A_manual,Q12373,2,4,4,100
A_manual,Q12387,3,4,4,100
A_manual,Q12427,6,4,4,100
A_manual,Q12434,7,4,4,100
A_manual,Q12458,14,4,4,100
A_manual,Q12497,3,4,4,100
A_manual,Q12500,5,4,4,100
A_manual,Q12514,7,4,4,100
A_manual,Q12522,4,4,4,100
A_manual,Q12753,5,4,4,100
A_manual,Q12906,35,4,4,100
A_manual,Q12972,10,4,4,100
A_manual,Q13017,2,4,4,100
A_manual,Q13123,15,4,4,100
A_manual,Q13217,12,4,4,100
A_manual,Q13257,5,4,4,100
A_manual,Q13404,8,4,4,100
A_manual,Q13561,16,4,4,100
A_manual,Q13619,21,4,4,100
A_manual,Q13636,6,4,4,100
A_manual,Q13685,8,4,4,100
A_manual,Q14254,14,4,4,100
A_manual,Q14498,17,4,4,100
A_manual,Q14738,15,4,4,100
A_manual,Q14764,29,4,4,100
A_manual,Q14807,10,4,4,100
A_manual,Q15054,6,4,4,100
A_manual,Q15070,8,4,4,100
A_manual,Q15084,14,4,4,100
A_manual,Q15233,21,4,4,100
A_manual,Q15269,21,4,4,100
A_manual,Q15291,8,4,4,100
A_manual,Q15326,4,4,4,100
A_manual,Q15404,8,4,4,100
A_manual,Q15528,2,4,4,100
A_manual,Q15645,23,4,4,100
A_manual,Q15648,8,4,4,100
A_manual,Q15650,7,4,4,100
A_manual,Q15717,10,4,4,100
A_manual,Q15758,8,4,4,100
A_manual,Q15813,16,4,4,100
A_manual,Q15833,10,4,4,100
A_manual,Q16537,9,4,4,100
A_manual,Q16539,7,4,4,100
A_manual,Q16644,6,4,4,100
A_manual,Q16698,7,4,4,100
A_manual,Q16740,8,4,4,100
A_manual,Q16773,3,4,4,100
A_manual,Q16822,12,4,4,100
A_manual,Q16851,19,4,4,100
A_manual,Q1KMD3,28,4,4,100
A_manual,Q27J81,27,4,4,100
A_manual,Q2NKX8,4,4,4,100
A_manual,Q2V2P7,2,2,4,50
A_manual,Q3E756,2,4,4,100
A_manual,Q3E7Z5,4,4,4,100
A_manual,Q3ZAQ7,3,4,4,100
A_manual,Q3ZCW2,2,4,4,100
A_manual,Q46798,2,2,4,50
A_manual,Q46856,11,4,4,100
A_manual,Q46863,7,4,4,100
A_manual,Q46919,2,4,4,100
A_manual,Q46920,6,4,4,100
A_manual,Q46948,4,4,4,100
A_manual,Q53H82,4,4,4,100
A_manual,Q57261,2,2,4,50
A_manual,Q5D862,3,2,4,50
A_manual,Q5HYK3,4,4,4,100
A_manual,Q5JRA6,14,4,4,100
A_manual,Q5JVF3,12,4,4,100
A_manual,Q5T0F9,2,4,4,100
A_manual,Q5T1J5;Q9Y6H1,3,4,4,100
A_manual,Q5VT52,27,4,4,100
A_manual,Q5VT79,13,4,4,100
A_manual,Q5VZE5,4,4,4,100
A_manual,Q5XPI4,3,4,4,100
A_manual,Q5ZPR3,7,4,4,100
A_manual,Q6DD87,2,4,4,100
A_manual,Q6EMK4,7,4,4,100
A_manual,Q6IA86,15,4,4,100
A_manual,Q6NZI2,12,4,4,100
A_manual,Q6P1K2,2,3,4,75
A_manual,Q6P1X6,2,4,4,100
A_manual,Q6RFH5,11,4,4,100
A_manual,Q6UB35,24,4,4,100
A_manual,Q6UWE0,8,4,4,100
A_manual,Q6YHK3,23,4,4,100
A_manual,Q71U36,26,4,4,100
A_manual,Q71UM5,4,4,4,100
A_manual,Q7L5N7,10,4,4,100
A_manual,Q7L9L4;Q9H8S9,4,4,4,100
A_manual,Q7Z4H8,5,4,4,100
A_manual,Q7Z6E9,3,4,4,100
A_manual,Q7Z6I8,2,4,4,100
A_manual,Q7Z739,11,4,4,100
A_manual,Q86TC9,4,4,4,100
A_manual,Q86TI2,12,4,4,100
A_manual,Q86VS8,11,4,4,100
A_manual,Q86VW0,4,4,4,100
A_manual,Q86W56,5,4,4,100
A_manual,Q86Y79,3,4,4,100
A_manual,Q8IU85,6,4,4,100
A_manual,Q8IWA4,8,4,4,100
A_manual,Q8IX03,2,4,4,100
A_manual,Q8IX18,3,4,4,100
A_manual,Q8IXW5,2,4,4,100
A_manual,Q8IY17,3,4,4,100
A_manual,Q8IYI6,7,4,4,100
A_manual,Q8IZ21,9,4,4,100
A_manual,Q8N108,7,4,4,100
A_manual,Q8N4J0,3,4,4,100
A_manual,Q8N4V1,3,4,4,100
A_manual,Q8N5M1,6,4,4,100
A_manual,Q8N5V2,3,4,4,100
A_manual,Q8N766,27,4,4,100
A_manual,Q8N8A6,9,4,4,100
A_manual,Q8N954,2,4,4,100
A_manual,Q8NC44,3,4,4,100
A_manual,Q8NCH0,5,4,4,100
A_manual,Q8NCW5,5,4,4,100
A_manual,Q8NFH3,10,4,4,100
A_manual,Q8NFH5,7,4,4,100
A_manual,Q8NFJ5,5,4,4,100
A_manual,Q8NHP8,6,4,4,100
A_manual,Q8TDP1,4,4,4,100
A_manual,Q8WUY3,2,4,4,100
A_manual,Q8WVX9,8,4,4,100
A_manual,Q8WWM7,25,4,4,100
A_manual,Q8WXD5,2,4,4,100
A_manual,Q8WY22,2,4,4,100
A_manual,Q8WYA6,14,4,4,100
A_manual,Q8WZA0,9,4,4,100
A_manual,Q92331,7,4,4,100
A_manual,Q92542,7,4,4,100
A_manual,Q92597,9,4,4,100
A_manual,Q92665,5,4,4,100
A_manual,Q92820,11,4,4,100
A_manual,Q92879,7,4,4,100
A_manual,Q92889,4,4,4,100
A_manual,Q93050,17,4,4,100
A_manual,Q93074,4,4,4,100
A_manual,Q969P6,4,4,4,100
A_manual,Q969S3,7,4,4,100
A_manual,Q969Z0,13,4,4,100
A_manual,Q96BZ8,3,4,4,100
A_manual,Q96C36,8,4,4,100
A_manual,Q96C86,9,4,4,100
A_manual,Q96EC8,2,4,4,100
A_manual,Q96EL3,3,4,4,100
A_manual,Q96G97,2,4,4,100
A_manual,Q96GD4,7,4,4,100
A_manual,Q96H20,3,4,4,100
A_manual,Q96I15,4,4,4,100
A_manual,Q96I99,16,4,4,100
A_manual,Q96M27,7,4,4,100
A_manual,Q96N67,22,4,4,100
A_manual,Q96P47,5,4,4,100
A_manual,Q96PU4,3,4,4,100
A_manual,Q96RS6,15,4,4,100
A_manual,Q96SU4,13,4,4,100
A_manual,Q96TC7,10,4,4,100
A_manual,Q99207,6,4,4,100
A_manual,Q99257,7,4,4,100
A_manual,Q99287,11,4,4,100
A_manual,Q99383,12,4,4,100
A_manual,Q99519,3,4,4,100
A_manual,Q99536,18,4,4,100
A_manual,Q99543,15,4,4,100
A_manual,Q99567,14,4,4,100
A_manual,Q99598,12,4,4,100
A_manual,Q99798,32,4,4,100
A_manual,Q99816,7,4,4,100
A_manual,Q99873,17,4,4,100
A_manual,Q99961,9,4,4,100
A_manual,Q99986,10,4,4,100
A_manual,Q9BQ15,3,4,4,100
A_manual,Q9BQ61,4,4,4,100
A_manual,Q9BQ67,10,4,4,100
A_manual,Q9BQP7,7,4,4,100
A_manual,Q9BRU9,2,4,4,100
A_manual,Q9BTE6,11,4,4,100
A_manual,Q9BUL5,3,4,4,100
A_manual,Q9BVL2,5,4,4,100
A_manual,Q9BVV7,3,4,4,100
A_manual,Q9BW27,14,4,4,100
A_manual,Q9BXB5,8,4,4,100
A_manual,Q9BXS6,13,4,4,100
A_manual,Q9BXW7,8,4,4,100
A_manual,Q9BY42,6,4,4,100
A_manual,Q9BYC8,3,4,4,100
A_manual,Q9BYT8,18,4,4,100
A_manual,Q9BZE4,27,4,4,100
A_manual,Q9BZL4,3,4,4,100
A_manual,Q9GZM5,3,4,4,100
A_manual,Q9GZT9,5,4,4,100
A_manual,Q9H098,4,4,4,100
A_manual,Q9H0G5,2,4,4,100
A_manual,Q9H0R4,2,4,4,100
A_manual,Q9H0U3,5,4,4,100
A_manual,Q9H0W9,5,4,4,100
A_manual,Q9H1A4,15,4,4,100
A_manual,Q9H201,2,4,4,100
A_manual,Q9H2W6,9,4,4,100
A_manual,Q9H3F6,2,4,4,100
A_manual,Q9H410,4,4,4,100
A_manual,Q9H4G0,18,4,4,100
A_manual,Q9H4L7,10,4,4,100
A_manual,Q9H553,7,4,4,100
A_manual,Q9H5N1,4,4,4,100
A_manual,Q9H900,4,4,4,100
A_manual,Q9H9A6,19,4,4,100
A_manual,Q9H9P8,6,4,4,100
A_manual,Q9H9T3,9,4,4,100
A_manual,Q9HC21,5,4,4,100
A_manual,Q9HC35,13,4,4,100
A_manual,Q9HWK6,13,4,4,100
A_manual,Q9NPL8,2,4,4,100
A_manual,Q9NQT5,6,4,4,100
A_manual,Q9NRF9,3,4,4,100
A_manual,Q9NRN9,3,4,4,100
A_manual,Q9NRX5,2,4,4,100
A_manual,Q9NRY4,13,4,4,100
A_manual,Q9NUQ7,6,4,4,100
A_manual,Q9NVA1,2,4,4,100
A_manual,Q9NVS2,5,4,4,100
A_manual,Q9NVX2,13,4,4,100
A_manual,Q9NWT1,5,4,4,100
A_manual,Q9NWU5,7,4,4,100
A_manual,Q9NX20,6,4,4,100
A_manual,Q9NX55,4,4,4,100
A_manual,Q9NY26,2,4,4,100
A_manual,Q9NYL9,20,4,4,100
A_manual,Q9NZ43,3,4,4,100
A_manual,Q9NZC9,6,4,4,100
A_manual,Q9NZJ7,7,4,4,100
A_manual,Q9NZL4,11,4,4,100
A_manual,Q9P000,9,4,4,100
A_manual,Q9P0J0,7,4,4,100
A_manual,Q9UBB6,10,4,4,100
A_manual,Q9UBG0,5,4,4,100
A_manual,Q9UBU8,9,4,4,100
A_manual,Q9UDY2,28,4,4,100
A_manual,Q9UFN0,5,4,4,100
A_manual,Q9UHB6,21,4,4,100
A_manual,Q9UJ83,9,4,4,100
A_manual,Q9UJA5,8,4,4,100
A_manual,Q9UJS0,19,4,4,100
A_manual,Q9UJX3,16,4,4,100
A_manual,Q9UJX5,5,4,4,100
A_manual,Q9UKS6,12,4,4,100
A_manual,Q9UKX7,15,4,4,100
A_manual,Q9UL42,2,3,4,75
A_manual,Q9ULW0,18,4,4,100
A_manual,Q9ULW3,2,4,4,100
A_manual,Q9UM00,3,4,4,100
A_manual,Q9UMR2,2,4,4,100
A_manual,Q9UNE7,8,4,4,100
A_manual,Q9UPT8,11,4,4,100
A_manual,Q9Y232,7,4,4,100
A_manual,Q9Y281,10,4,4,100
A_manual,Q9Y2K7,11,4,4,100
A_manual,Q9Y2W1,22,4,4,100
A_manual,Q9Y2X7,15,4,4,100
A_manual,Q9Y3B3,5,4,4,100
A_manual,Q9Y3C0,3,4,4,100
A_manual,Q9Y3E5,5,4,4,100
A_manual,Q9Y3Z3,17,4,4,100
A_manual,Q9Y4E1,3,4,4,100
A_manual,Q9Y4R8,16,4,4,100
A_manual,Q9Y520,48,4,4,100
A_manual,Q9Y5J1,12,4,4,100
A_manual,Q9Y5J7,3,4,4,100
A_manual,Q9Y5K6,18,4,4,100
A_manual,Q9Y5P6,7,4,4,100
A_manual,Q9Y5S2,27,4,4,100
A_manual,Q9Y657,6,4,4,100
A_manual,Q9Y6K9,7,4,4,100
A_manual,Q9Y6W3,2,4,4,100
B_manual,A0PJW6,2,4,4,100
B_manual,A1X283,9,4,4,100
B_manual,L0R6Q1,5,4,4,100
B_manual,O00330,11,4,4,100
B_manual,O00487,10,4,4,100
B_manual,O00571,33,4,4,100
B_manual,O00622,9,4,4,100
B_manual,O13516,9,4,4,100
B_manual,O14561,3,4,4,100
B_manual,O14579,10,4,4,100
B_manual,O14657,6,4,4,100
B_manual,O14818,14,4,4,100
B_manual,O14893,2,4,4,100
B_manual,O14929,12,4,4,100
B_manual,O14949,2,4,4,100
B_manual,O14981,12,4,4,100
B_manual,O15014,3,4,4,100
B_manual,O15061,26,4,4,100
B_manual,O15091,9,4,4,100
B_manual,O15160,8,4,4,100
B_manual,O15212,5,4,4,100
B_manual,O15355,16,4,4,100
B_manual,O15400,6,4,4,100
B_manual,O15460,18,4,4,100
B_manual,O15504,5,4,4,100
B_manual,O15511,8,4,4,100
B_manual,O15533,5,4,4,100
B_manual,O43172,19,4,4,100
B_manual,O43324,7,4,4,100
B_manual,O43665,3,4,4,100
B_manual,O43678,3,4,4,100
B_manual,O43837,13,4,4,100
B_manual,O60231,18,4,4,100
B_manual,O60264,27,4,4,100
B_manual,O60294,10,4,4,100
B_manual,O60502,20,4,4,100
B_manual,O60518,13,4,4,100
B_manual,O60671,4,4,4,100
B_manual,O60828,5,4,4,100
B_manual,O60884,13,4,4,100
B_manual,O60921,4,4,4,100
B_manual,O74700,3,4,4,100
B_manual,O75330,6,4,4,100
B_manual,O75352,2,4,4,100
B_manual,O75390,12,4,4,100
B_manual,O75419,2,4,4,100
B_manual,O75643,93,4,4,100
B_manual,O75794,9,4,4,100
B_manual,O75821,15,4,4,100
B_manual,O75915,4,4,4,100
B_manual,O94822,12,4,4,100
B_manual,O94855,10,4,4,100
B_manual,O95197,6,4,4,100
B_manual,O95292,8,4,4,100
B_manual,O95563,2,4,4,100
B_manual,O95671,4,4,4,100
B_manual,O95674,2,4,4,100
B_manual,O95999,2,4,4,100
B_manual,P00045,2,4,4,100
B_manual,P00127,4,4,4,100
B_manual,P00330,16,4,4,100
B_manual,P00359,7,4,4,100
B_manual,P00370,8,4,4,100
B_manual,P00374,7,4,4,100
B_manual,P00387,14,4,4,100
B_manual,P00393,11,4,4,100
B_manual,P00424,5,4,4,100
B_manual,P00448,9,4,4,100
B_manual,P00490,33,4,4,100
B_manual,P00498,10,4,4,100
B_manual,P00509,21,4,4,100
B_manual,P00546,3,4,4,100
B_manual,P00562,4,4,4,100
B_manual,P00582,20,4,4,100
B_manual,P00724,2,4,4,100
B_manual,P00729,7,4,4,100
B_manual,P00761,4,4,4,100
B_manual,P00864,32,4,4,100
B_manual,P00887,3,4,4,100
B_manual,P00924,23,4,4,100
B_manual,P00926,12,4,4,100
B_manual,P00946,17,4,4,100
B_manual,P00957,44,4,4,100
B_manual,P01120,7,4,4,100
B_manual,P02309,3,4,4,100
B_manual,P02400,9,4,4,100
B_manual,P02406,8,4,4,100
B_manual,P02533,35,4,4,100
B_manual,P02749,2,4,4,100
B_manual,P02925,13,4,4,100
B_manual,P02942,22,4,4,100
B_manual,P02943,13,4,4,100
B_manual,P03004,4,4,4,100
B_manual,P04036,9,4,4,100
B_manual,P04079,22,4,4,100
B_manual,P04161,4,4,4,100
B_manual,P04216,2,4,4,100
B_manual,P04335,5,4,4,100
B_manual,P04406,20,4,4,100
B_manual,P04449,4,4,4,100
B_manual,P04650,2,4,4,100
B_manual,P04693,12,4,4,100
B_manual,P04801,30,4,4,100
B_manual,P04803,7,4,4,100
B_manual,P04840,16,4,4,100
B_manual,P04951,9,4,4,100
B_manual,P05055,27,4,4,100
B_manual,P05318,3,4,4,100
B_manual,P05374,4,4,4,100
B_manual,P05459,11,4,4,100
B_manual,P05626,8,4,4,100
B_manual,P05704,20,4,4,100
B_manual,P05706,5,4,4,100
B_manual,P05719,2,4,4,100
B_manual,P05743,8,4,4,100
B_manual,P06100,2,3,4,75
B_manual,P06103,27,4,4,100
B_manual,P06129,22,4,4,100
B_manual,P06168,19,4,4,100
B_manual,P06627,2,4,4,100
B_manual,P06704,5,4,4,100
B_manual,P06710,7,4,4,100
B_manual,P06968,2,4,4,100
B_manual,P06983,10,4,4,100
B_manual,P06992,5,4,4,100
B_manual,P06993,9,4,4,100
B_manual,P06996,23,4,4,100
B_manual,P07004,15,4,4,100
B_manual,P07012,14,4,4,100
B_manual,P07014,16,4,4,100
B_manual,P07024,10,4,4,100
B_manual,P07143,6,4,4,100
B_manual,P07205,2,4,4,100
B_manual,P07255,3,4,4,100
B_manual,P07260,13,4,4,100
B_manual,P07273,11,4,4,100
B_manual,P07285,2,4,4,100
B_manual,P07342,22,4,4,100
B_manual,P07560,6,4,4,100
B_manual,P07806,38,4,4,100
B_manual,P07813,31,4,4,100
B_manual,P08018,3,4,4,100
B_manual,P08244,5,4,4,100
B_manual,P08312,13,4,4,100
B_manual,P08395,3,4,4,100
B_manual,P08679,8,4,4,100
B_manual,P08839,23,4,4,100
B_manual,P08997,9,4,4,100
B_manual,P09053,9,4,4,100
B_manual,P09104,7,4,4,100
B_manual,P09110,10,4,4,100
B_manual,P09147,14,4,4,100
B_manual,P09158,5,4,4,100
B_manual,P09394,19,4,4,100
B_manual,P09436,44,4,4,100
B_manual,P09497,5,4,4,100
B_manual,P09551,13,4,4,100
B_manual,P09601,9,4,4,100
B_manual,P09831,36,4,4,100
B_manual,P09884,28,4,4,100
B_manual,P0A6A8,3,4,4,100
B_manual,P0A6B4,3,4,4,100
B_manual,P0A6C1,3,4,4,100
B_manual,P0A6D3,8,4,4,100
B_manual,P0A6E6,4,4,4,100
B_manual,P0A6F5,32,4,4,100
B_manual,P0A6G3,5,4,4,100
B_manual,P0A6H1,22,4,4,100
B_manual,P0A6H5,17,4,4,100
B_manual,P0A6I0,8,4,4,100
B_manual,P0A6J8,9,4,4,100
B_manual,P0A6K1,3,4,4,100
B_manual,P0A6K6,19,4,4,100
B_manual,P0A6L2,10,4,4,100
B_manual,P0A6N4,5,4,4,100
B_manual,P0A6N8,7,4,4,100
B_manual,P0A6P7,7,4,4,100
B_manual,P0A6R3,2,4,4,100
B_manual,P0A6S3,4,4,4,100
B_manual,P0A6U3,3,4,4,100
B_manual,P0A6V8,5,4,4,100
B_manual,P0A6X7,6,4,4,100
B_manual,P0A6Y1,3,4,4,100
B_manual,P0A6Y5,10,4,4,100
B_manual,P0A6Z3,35,4,4,100
B_manual,P0A715,12,4,4,100
B_manual,P0A717,14,4,4,100
B_manual,P0A742,2,4,4,100
B_manual,P0A746,6,4,4,100
B_manual,P0A749,10,4,4,100
B_manual,P0A7A7,17,4,4,100
B_manual,P0A7B1,2,4,4,100
B_manual,P0A7B5,10,4,4,100
B_manual,P0A7C2,5,4,4,100
B_manual,P0A7D1,6,4,4,100
B_manual,P0A7D7,5,4,4,100
B_manual,P0A7F6,6,4,4,100
B_manual,P0A7I7,3,4,4,100
B_manual,P0A7J0,6,4,4,100
B_manual,P0A7J3,7,4,4,100
B_manual,P0A7J7,6,4,4,100
B_manual,P0A7K2,8,4,4,100
B_manual,P0A7L8,3,4,4,100
B_manual,P0A7M9,4,4,4,100
B_manual,P0A7N4,3,4,4,100
B_manual,P0A7P5,2,4,4,100
B_manual,P0A7S3,3,4,4,100
B_manual,P0A7T3,6,4,4,100
B_manual,P0A7U3,5,4,4,100
B_manual,P0A7V8,11,4,4,100
B_manual,P0A7X6,9,4,4,100
B_manual,P0A7Z4,17,4,4,100
B_manual,P0A800,7,4,4,100
B_manual,P0A805,7,4,4,100
B_manual,P0A830,4,4,4,100
B_manual,P0A832,3,4,4,100
B_manual,P0A850,26,4,4,100
B_manual,P0A855,19,4,4,100
B_manual,P0A858,9,4,4,100
B_manual,P0A862,8,4,4,100
B_manual,P0A867,8,4,4,100
B_manual,P0A879,10,4,4,100
B_manual,P0A881,2,4,4,100
B_manual,P0A884,5,4,4,100
B_manual,P0A894,6,4,4,100
B_manual,P0A8A0,8,4,4,100
B_manual,P0A8A8,5,4,4,100
B_manual,P0A8D0,2,4,4,100
B_manual,P0A8E7,9,4,4,100
B_manual,P0A8G6,7,4,4,100
B_manual,P0A8I3,9,4,4,100
B_manual,P0A8J4,3,4,4,100
B_manual,P0A8J8,12,4,4,100
B_manual,P0A8N3,28,4,4,100
B_manual,P0A8V6,9,4,4,100
B_manual,P0A8W0,5,4,4,100
B_manual,P0A8X2,5,4,4,100
B_manual,P0A910,14,4,4,100
B_manual,P0A927,7,4,4,100
B_manual,P0A951,5,4,4,100
B_manual,P0A998,6,4,4,100
B_manual,P0A9A6,22,4,4,100
B_manual,P0A9C3,13,4,4,100
B_manual,P0A9C5,19,4,4,100
B_manual,P0A9D2,7,4,4,100
B_manual,P0A9G6,14,4,4,100
B_manual,P0A9G8,3,4,4,100
B_manual,P0A9H3,9,4,4,100
B_manual,P0A9H7,6,4,4,100
B_manual,P0A9H9,12,4,4,100
B_manual,P0A9K3,13,4,4,100
B_manual,P0A9L5,4,4,4,100
B_manual,P0A9L8,7,4,4,100
B_manual,P0A9M0,35,4,4,100
B_manual,P0A9M5,7,4,4,100
B_manual,P0A9P0,20,4,4,100
B_manual,P0A9P6,23,4,4,100
B_manual,P0A9V1,10,4,4,100
B_manual,P0A9W3,31,4,4,100
B_manual,P0A9Z1,3,4,4,100
B_manual,P0AA25,5,4,4,100
B_manual,P0AA39,7,4,4,100
B_manual,P0AAB4,8,4,4,100
B_manual,P0AAC8,5,4,4,100
B_manual,P0AAH0,3,4,4,100
B_manual,P0AAI5,16,4,4,100
B_manual,P0AAP3,3,4,4,100
B_manual,P0AAR3,5,4,4,100
B_manual,P0AAS0,4,4,4,100
B_manual,P0AB61,3,4,4,100
B_manual,P0AB91,8,4,4,100
B_manual,P0ABA4,8,4,4,100
B_manual,P0ABB0,25,4,4,100
B_manual,P0ABB4,27,4,4,100
B_manual,P0ABB8,6,4,4,100
B_manual,P0ABC3,14,4,4,100
B_manual,P0ABD3,8,4,4,100
B_manual,P0ABD8,4,4,4,100
B_manual,P0ABF1,10,4,4,100
B_manual,P0ABI8,8,4,4,100
B_manual,P0ABW9,4,4,4,100
B_manual,P0AC02,10,4,4,100
B_manual,P0AC16,3,4,4,100
B_manual,P0AC38,16,4,4,100
B_manual,P0AC41,25,4,4,100
B_manual,P0AC75,3,4,4,100
B_manual,P0AC81,3,4,4,100
B_manual,P0ACB2,6,4,4,100
B_manual,P0ACE0,8,4,4,100
B_manual,P0ACE7,3,4,4,100
B_manual,P0ACF8,8,4,4,100
B_manual,P0ACI0,6,4,4,100
B_manual,P0ACI6,2,4,4,100
B_manual,P0ACJ0,8,4,4,100
B_manual,P0ACL2,3,4,4,100
B_manual,P0ACN4,3,4,4,100
B_manual,P0ACN7,2,4,4,100
B_manual,P0ACQ4,9,4,4,100
B_manual,P0ACX3,3,4,4,100
B_manual,P0AD12,4,4,4,100
B_manual,P0AD59,4,4,4,100
B_manual,P0AD61,22,4,4,100
B_manual,P0AD68,2,4,4,100
B_manual,P0ADA3,6,4,4,100
B_manual,P0ADC6,2,4,4,100
B_manual,P0ADN6,3,4,4,100
B_manual,P0ADP0,5,4,4,100
B_manual,P0ADP9,4,4,4,100
B_manual,P0ADR6,3,4,4,100
B_manual,P0ADS6,7,4,4,100
B_manual,P0ADT5,8,4,4,100
B_manual,P0ADV9,3,4,4,100
B_manual,P0ADW3,6,4,4,100
B_manual,P0ADX1,2,4,4,100
B_manual,P0ADX7,3,4,4,100
B_manual,P0ADY7,5,4,4,100
B_manual,P0AE06,17,4,4,100
B_manual,P0AE22,6,4,4,100
B_manual,P0AE67,6,4,4,100
B_manual,P0AE78,7,4,4,100
B_manual,P0AEB2,20,4,4,100
B_manual,P0AEC3,9,4,4,100
B_manual,P0AED5,3,4,4,100
B_manual,P0AEE1,10,4,4,100
B_manual,P0AEE3,2,4,4,100
B_manual,P0AEI1,18,4,4,100
B_manual,P0AEK4,13,4,4,100
B_manual,P0AEN1,10,4,4,100
B_manual,P0AET8,4,4,4,100
B_manual,P0AEW4,3,4,4,100
B_manual,P0AEW6,6,4,4,100
B_manual,P0AEW9,2,4,4,100
B_manual,P0AF03,5,4,4,100
B_manual,P0AF08,6,4,4,100
B_manual,P0AF18,4,4,4,100
B_manual,P0AF20,5,4,4,100
B_manual,P0AF24,7,4,4,100
B_manual,P0AF50,3,4,4,100
B_manual,P0AF54,2,4,4,100
B_manual,P0AF93,5,4,4,100
B_manual,P0AFF2,2,4,4,100
B_manual,P0AFG0,10,4,4,100
B_manual,P0AFG3,35,4,4,100
B_manual,P0AFG6,17,4,4,100
B_manual,P0AFI7,8,4,4,100
B_manual,P0AFJ1,2,4,4,100
B_manual,P0AFJ7,3,4,4,100
B_manual,P0AFL6,8,4,4,100
B_manual,P0AFX0,3,4,4,100
B_manual,P0AFX4,2,4,4,100
B_manual,P0AFX7,4,4,4,100
B_manual,P0AFX9,4,4,4,100
B_manual,P0AFZ1,2,4,4,100
B_manual,P0AFZ3,4,4,4,100
B_manual,P0AG00,7,4,4,100
B_manual,P0AG14,7,4,4,100
B_manual,P0AG27,5,4,4,100
B_manual,P0AG30,25,4,4,100
B_manual,P0AG44,5,4,4,100
B_manual,P0AG51,3,4,4,100
B_manual,P0AG63,3,4,4,100
B_manual,P0AG71,2,4,4,100
B_manual,P0AG80,15,4,4,100
B_manual,P0AG82,8,4,4,100
B_manual,P0AG93,5,4,4,100
B_manual,P0AGA2,6,4,4,100
B_manual,P0AGD3,8,4,4,100
B_manual,P0AGE9,14,4,4,100
B_manual,P0AGG0,2,4,4,100
B_manual,P0AGG2,4,4,4,100
B_manual,P0AGG8,13,4,4,100
B_manual,P0AGJ2,3,4,4,100
B_manual,P0AGK8,5,4,4,100
B_manual,P0AGL7,4,4,4,100
B_manual,P0C018,3,4,4,100
B_manual,P0C037,2,4,4,100
B_manual,P0C079,2,4,4,100
B_manual,P0C0L9,2,4,4,100
B_manual,P0C0R7,6,4,4,100
B_manual,P0C0S1,4,4,4,100
B_manual,P0C0S5;Q71UI9,3,4,4,100
B_manual,P0C0V0,18,4,4,100
B_manual,P0C2H8;P0C2H9,5,4,4,100
B_manual,P0C2I9,38,4,4,100
B_manual,P0C5N3,3,4,4,100
B_manual,P0CK95,2,4,4,100
B_manual,P0CT04,4,4,4,100
B_manual,P0CX25;P0CX26,3,4,4,100
B_manual,P0CX33;P0CX34,3,4,4,100
B_manual,P0CX37;P0CX38,10,4,4,100
B_manual,P0DTT0,25,4,4,100
B_manual,P10026,4,4,4,100
B_manual,P10346,6,4,4,100
B_manual,P10384,7,4,4,100
B_manual,P10408,42,4,4,100
B_manual,P10614,4,4,4,100
B_manual,P10662,7,4,4,100
B_manual,P10963,23,4,4,100
B_manual,P11075,21,4,4,100
B_manual,P11076,10,4,4,100
B_manual,P11154,10,4,4,100
B_manual,P11279,4,4,4,100
B_manual,P11491,3,4,4,100
B_manual,P11557,8,4,4,100
B_manual,P12385,14,4,4,100
B_manual,P12694,8,4,4,100
B_manual,P13009,14,4,4,100
B_manual,P13029,27,4,4,100
B_manual,P13298,13,4,4,100
B_manual,P13482,6,4,4,100
B_manual,P13646,10,4,4,100
B_manual,P13667,31,4,4,100
B_manual,P13717,3,4,4,100
B_manual,P13797,31,4,4,100
B_manual,P13987,4,4,4,100
B_manual,P14065,7,4,4,100
B_manual,P14635,6,4,4,100
B_manual,P14843,8,4,4,100
B_manual,P14900,6,4,4,100
B_manual,P15019,16,4,4,100
B_manual,P15070,3,4,4,100
B_manual,P15274,13,4,4,100
B_manual,P15288,19,4,4,100
B_manual,P15924,68,4,4,100
B_manual,P15977,16,4,4,100
B_manual,P16095,8,4,4,100
B_manual,P16456,8,4,4,100
B_manual,P16528,2,4,4,100
B_manual,P16659,27,4,4,100
B_manual,P16703,3,4,4,100
B_manual,P16930,10,4,4,100
B_manual,P16965,2,3,4,75
B_manual,P16989,10,4,4,100
B_manual,P17169,25,4,4,100
B_manual,P17252,13,4,4,100
B_manual,P17275,6,4,4,100
B_manual,P17302,2,4,4,100
B_manual,P17813,8,4,4,100
B_manual,P17931,7,4,4,100
B_manual,P17952,13,4,4,100
B_manual,P17967,17,4,4,100
B_manual,P17993,10,4,4,100
B_manual,P18031,14,4,4,100
B_manual,P18085,6,4,4,100
B_manual,P18133,6,4,4,100
B_manual,P18239,11,4,4,100
B_manual,P18899,18,4,4,100
B_manual,P19097,73,4,4,100
B_manual,P19105,12,4,4,100
B_manual,P19174,16,4,4,100
B_manual,P19388,7,4,4,100
B_manual,P19623,14,4,4,100
B_manual,P19926,15,4,4,100
B_manual,P20049,6,4,4,100
B_manual,P20083,13,4,4,100
B_manual,P20107,2,4,4,100
B_manual,P20433,4,4,4,100
B_manual,P20435,2,4,4,100
B_manual,P20448,17,4,4,100
B_manual,P20585,10,4,4,100
B_manual,P21127;Q9UQ88,12,4,4,100
B_manual,P21151,12,4,4,100
B_manual,P21165,16,4,4,100
B_manual,P21170,15,4,4,100
B_manual,P21304,16,4,4,100
B_manual,P21373,5,4,4,100
B_manual,P21513,34,4,4,100
B_manual,P21576,29,4,4,100
B_manual,P21645,5,4,4,100
B_manual,P21801,10,4,4,100
B_manual,P21889,29,4,4,100
B_manual,P21954,23,4,4,100
B_manual,P22087,9,4,4,100
B_manual,P22102,35,4,4,100
B_manual,P22106,15,4,4,100
B_manual,P22135,2,1,4,25
B_manual,P22217,4,4,4,100
B_manual,P22234,14,4,4,100
B_manual,P22255,6,4,4,100
B_manual,P22259,25,4,4,100
B_manual,P22333,10,4,4,100
B_manual,P22392,11,4,4,100
B_manual,P22523,33,4,4,100
B_manual,P22524,7,4,4,100
B_manual,P22634,3,4,4,100
B_manual,P22939,2,4,4,100
B_manual,P23180,12,4,4,100
B_manual,P23254,28,4,4,100
B_manual,P23291,6,4,4,100
B_manual,P23292,8,4,4,100
B_manual,P23524,3,4,4,100
B_manual,P23594,4,4,4,100
B_manual,P23634,13,4,4,100
B_manual,P23641,15,4,4,100
B_manual,P23827,6,4,4,100
B_manual,P23833,3,4,4,100
B_manual,P23839,10,4,4,100
B_manual,P23857,5,4,4,100
B_manual,P23865,17,4,4,100
B_manual,P23869,4,4,4,100
B_manual,P23894,4,4,4,100
B_manual,P24031,2,2,4,50
B_manual,P24202,6,4,4,100
B_manual,P24205,2,4,4,100
B_manual,P24232,7,4,4,100
B_manual,P24279,5,4,4,100
B_manual,P24521,6,4,4,100
B_manual,P24928,36,4,4,100
B_manual,P25087,17,4,4,100
B_manual,P25339,6,4,4,100
B_manual,P25359,2,4,4,100
B_manual,P25375,16,4,4,100
B_manual,P25382,3,4,4,100
B_manual,P25385,4,4,4,100
B_manual,P25445,2,4,4,100
B_manual,P25553,29,4,4,100
B_manual,P25555,7,4,4,100
B_manual,P25580,3,4,4,100
B_manual,P25582,12,4,4,100
B_manual,P25588,3,4,4,100
B_manual,P25619,3,4,4,100
B_manual,P25635,7,4,4,100
B_manual,P25644,6,4,4,100
B_manual,P25654,3,4,4,100
B_manual,P25719,8,4,4,100
B_manual,P25738,3,4,4,100
B_manual,P25808,2,4,4,100
B_manual,P26358,34,4,4,100
B_manual,P26583,4,4,4,100
B_manual,P26608,5,4,4,100
B_manual,P26754,2,4,4,100
B_manual,P26755,2,4,4,100
B_manual,P26784,5,4,4,100
B_manual,P26786,5,4,4,100
B_manual,P27105,8,4,4,100
B_manual,P27240,2,4,4,100
B_manual,P27248,11,4,4,100
B_manual,P27278,4,4,4,100
B_manual,P27302,24,4,4,100
B_manual,P27303,7,4,4,100
B_manual,P27550,24,4,4,100
B_manual,P27707,9,4,4,100
B_manual,P27816,39,4,4,100
B_manual,P27828,8,4,4,100
B_manual,P27838,5,4,4,100
B_manual,P27848,6,4,4,100
B_manual,P28240,15,4,4,100
B_manual,P28249,3,4,4,100
B_manual,P28272,9,4,4,100
B_manual,P28273,6,4,4,100
B_manual,P28274,20,4,4,100
B_manual,P28321,6,4,4,100
B_manual,P28707,6,4,4,100
B_manual,P28789,4,4,4,100
B_manual,P28834,14,4,4,100
B_manual,P28861,2,4,4,100
B_manual,P29055,2,4,4,100
B_manual,P29131,6,4,4,100
B_manual,P29453,3,4,4,100
B_manual,P29952,12,4,4,100
B_manual,P30011,6,4,4,100
B_manual,P30040,11,4,4,100
B_manual,P30048,7,4,4,100
B_manual,P30085,13,4,4,100
B_manual,P30086,12,4,4,100
B_manual,P30178,3,4,4,100
B_manual,P30624,19,4,4,100
B_manual,P30771,6,4,4,100
B_manual,P30859,10,4,4,100
B_manual,P30863,5,4,4,100
B_manual,P30958,14,4,4,100
B_manual,P31224,11,4,4,100
B_manual,P31539,47,4,4,100
B_manual,P31680,3,4,4,100
B_manual,P31808,6,4,4,100
B_manual,P31827,11,4,4,100
B_manual,P32157,4,4,4,100
B_manual,P32191,20,4,4,100
B_manual,P32264,11,4,4,100
B_manual,P32319,2,4,4,100
B_manual,P32331,2,4,4,100
B_manual,P32386,17,4,4,100
B_manual,P32449,9,4,4,100
B_manual,P32467,3,4,4,100
B_manual,P32468,13,4,4,100
B_manual,P32477,3,3,4,75
B_manual,P32481,19,4,4,100
B_manual,P32590,14,4,4,100
B_manual,P32610,3,4,4,100
B_manual,P32623,2,4,4,100
B_manual,P32628,11,4,4,100
B_manual,P32684,3,4,4,100
B_manual,P32695,7,4,4,100
B_manual,P32719,3,4,4,100
B_manual,P32769,11,4,4,100
B_manual,P32783,3,4,4,100
B_manual,P32860,10,4,4,100
B_manual,P32867,3,4,4,100
B_manual,P33240,9,4,4,100
B_manual,P33297,22,4,4,100
B_manual,P33299,19,4,4,100
B_manual,P33307,18,4,4,100
B_manual,P33330,13,4,4,100
B_manual,P33417,2,4,4,100
B_manual,P33418,2,1,4,25
B_manual,P33602,27,4,4,100
B_manual,P33607,3,4,4,100
B_manual,P33643,3,4,4,100
B_manual,P33754,2,4,4,100
B_manual,P33767,10,4,4,100
B_manual,P33920,10,4,4,100
B_manual,P34077,12,4,4,100
B_manual,P34253,5,4,4,100
B_manual,P35249,15,4,4,100
B_manual,P35340,22,4,4,100
B_manual,P35611,9,4,4,100
B_manual,P35691,7,4,4,100
B_manual,P35723,4,4,4,100
B_manual,P35728,2,2,4,50
B_manual,P35844,12,4,4,100
B_manual,P36008,18,4,4,100
B_manual,P36015,9,4,4,100
B_manual,P36046,4,4,4,100
B_manual,P36060,12,4,4,100
B_manual,P36095,3,4,4,100
B_manual,P36100,4,4,4,100
B_manual,P36108,3,4,4,100
B_manual,P36123,6,4,4,100
B_manual,P36147,2,4,4,100
B_manual,P36534,5,4,4,100
B_manual,P36639,6,4,4,100
B_manual,P37051,9,4,4,100
B_manual,P37291,20,4,4,100
B_manual,P37349,10,4,4,100
B_manual,P37440,12,4,4,100
B_manual,P37613,3,4,4,100
B_manual,P37666,7,4,4,100
B_manual,P37747,14,4,4,100
B_manual,P37773,9,4,4,100
B_manual,P37902,12,4,4,100
B_manual,P38013,11,4,4,100
B_manual,P38074,5,4,4,100
B_manual,P38075,9,4,4,100
B_manual,P38088,31,4,4,100
B_manual,P38137,13,4,4,100
B_manual,P38143,3,4,4,100
B_manual,P38145,8,4,4,100
B_manual,P38205,21,4,4,100
B_manual,P38230,5,4,4,100
B_manual,P38237,8,4,4,100
B_manual,P38295,14,4,4,100
B_manual,P38353,8,4,4,100
B_manual,P38427,21,4,4,100
B_manual,P38439,8,4,4,100
B_manual,P38521,3,4,4,100
B_manual,P38630,2,4,4,100
B_manual,P38631,20,4,4,100
B_manual,P38688,6,4,4,100
B_manual,P38697,2,4,4,100
B_manual,P38698,5,4,4,100
B_manual,P38701,4,4,4,100
B_manual,P38720,28,4,4,100
B_manual,P38737,14,4,4,100
B_manual,P38747,3,4,4,100
B_manual,P38758,8,4,4,100
B_manual,P38765,3,4,4,100
B_manual,P38789,4,4,4,100
B_manual,P38792,4,4,4,100
B_manual,P38795,16,4,4,100
B_manual,P38817,8,4,4,100
B_manual,P38840,22,4,4,100
B_manual,P38879,7,4,4,100
B_manual,P38890,2,3,4,75
B_manual,P38986,8,4,4,100
B_manual,P39003,11,4,4,100
B_manual,P39008,3,4,4,100
B_manual,P39015,8,4,4,100
B_manual,P39079,10,4,4,100
B_manual,P39105,8,4,4,100
B_manual,P39177,6,4,4,100
B_manual,P39180,32,4,4,100
B_manual,P39199,6,4,4,100
B_manual,P39325,5,4,4,100
B_manual,P39337,5,4,4,100
B_manual,P39371,5,4,4,100
B_manual,P39401,7,4,4,100
B_manual,P39522,24,4,4,100
B_manual,P39676,18,4,4,100
B_manual,P39714,4,4,4,100
B_manual,P39726,5,4,4,100
B_manual,P39742,2,4,4,100
B_manual,P39743,9,4,4,100
B_manual,P39744,10,4,4,100
B_manual,P39838,5,4,4,100
B_manual,P39925,5,4,4,100
B_manual,P39931,7,4,4,100
B_manual,P39940,18,4,4,100
B_manual,P39954,15,4,4,100
B_manual,P39976,23,4,4,100
B_manual,P39984,5,4,4,100
B_manual,P39985,7,4,4,100
B_manual,P40022,3,4,4,100
B_manual,P40037,7,4,4,100
B_manual,P40053,14,4,4,100
B_manual,P40064,5,4,4,100
B_manual,P40079,6,4,4,100
B_manual,P40087,11,4,4,100
B_manual,P40091,3,4,4,100
B_manual,P40096,2,4,4,100
B_manual,P40106,10,4,4,100
B_manual,P40120,10,4,4,100
B_manual,P40121,9,4,4,100
B_manual,P40150,3,4,4,100
B_manual,P40154,4,4,4,100
B_manual,P40159,6,4,4,100
B_manual,P40165,2,3,4,75
B_manual,P40185,6,4,4,100
B_manual,P40210,2,4,4,100
B_manual,P40215,17,4,4,100
B_manual,P40261,8,4,4,100
B_manual,P40312,5,4,4,100
B_manual,P40317,2,4,4,100
B_manual,P40343,12,4,4,100
B_manual,P40347,3,4,4,100
B_manual,P40363,5,4,4,100
B_manual,P40364,7,4,4,100
B_manual,P40482,25,4,4,100
B_manual,P40485,6,4,4,100
B_manual,P40487,2,2,4,50
B_manual,P40510,11,4,4,100
B_manual,P40513,6,4,4,100
B_manual,P40515,4,4,4,100
B_manual,P40540,2,4,4,100
B_manual,P40564,9,4,4,100
B_manual,P40855,9,4,4,100
B_manual,P40937,13,4,4,100
B_manual,P41052,5,4,4,100
B_manual,P41236,6,4,4,100
B_manual,P41277,8,4,4,100
B_manual,P41567,5,4,4,100
B_manual,P41811,31,4,4,100
B_manual,P41818,11,4,4,100
B_manual,P41939,12,4,4,100
B_manual,P42126,6,4,4,100
B_manual,P42167,8,4,4,100
B_manual,P42330,21,4,4,100
B_manual,P42599,5,4,4,100
B_manual,P42632,11,4,4,100
B_manual,P42641,7,4,4,100
B_manual,P42839,2,4,4,100
B_manual,P42945,13,4,4,100
B_manual,P42949,4,4,4,100
B_manual,P43321,2,4,4,100
B_manual,P43567,7,4,4,100
B_manual,P43587,3,4,4,100
B_manual,P43590,12,4,4,100
B_manual,P43603,7,4,4,100
B_manual,P43609,10,4,4,100
B_manual,P43612,8,4,4,100
B_manual,P43671,5,4,4,100
B_manual,P43897,10,4,4,100
B_manual,P45395,4,4,4,100
B_manual,P45578,9,4,4,100
B_manual,P45748,7,4,4,100
B_manual,P45799,6,4,4,100
B_manual,P45978,9,4,4,100
B_manual,P46063,22,4,4,100
B_manual,P46130,9,4,4,100
B_manual,P46367,25,4,4,100
B_manual,P46672,17,4,4,100
B_manual,P46676,8,4,4,100
B_manual,P46736,6,4,4,100
B_manual,P46783,5,4,4,100
B_manual,P46837,26,4,4,100
B_manual,P46853,7,4,4,100
B_manual,P46959,3,4,4,100
B_manual,P46984,5,4,4,100
B_manual,P46988,3,4,4,100
B_manual,P47057,17,4,4,100
B_manual,P47068,40,4,4,100
B_manual,P47096,12,4,4,100
B_manual,P47116,9,4,4,100
B_manual,P47127,5,4,4,100
B_manual,P47165,5,4,4,100
B_manual,P47166,12,4,4,100
B_manual,P47818,2,4,4,100
B_manual,P48362,5,4,4,100
B_manual,P48415,28,4,4,100
B_manual,P48426,4,4,4,100
B_manual,P48439,2,4,4,100
B_manual,P48589,7,4,4,100
B_manual,P48960,14,4,4,100
B_manual,P49095,3,4,4,100
B_manual,P49321,34,4,4,100
B_manual,P49406,10,4,4,100
B_manual,P49454,30,4,4,100
B_manual,P49573,5,4,4,100
B_manual,P50085,6,4,4,100
B_manual,P50086,3,4,4,100
B_manual,P50087,3,4,4,100
B_manual,P50395,31,4,4,100
B_manual,P50454,21,4,4,100
B_manual,P50945,3,4,4,100
B_manual,P51024,3,4,4,100
B_manual,P51149,14,4,4,100
B_manual,P51159,4,4,4,100
B_manual,P51601,5,4,4,100
B_manual,P51610,31,4,4,100
B_manual,P51649,2,4,4,100
B_manual,P51659,22,4,4,100
B_manual,P51784,4,4,4,100
B_manual,P51991,14,4,4,100
B_manual,P52061,4,4,4,100
B_manual,P52074,2,4,4,100
B_manual,P52298,2,4,4,100
B_manual,P52613,2,4,4,100
B_manual,P52627,3,4,4,100
B_manual,P52888,15,4,4,100
B_manual,P53011,3,4,4,100
B_manual,P53075,18,4,4,100
B_manual,P53090,21,4,4,100
B_manual,P53091,6,4,4,100
B_manual,P53131,19,4,4,100
B_manual,P53145,9,4,4,100
B_manual,P53163,5,4,4,100
B_manual,P53228,7,4,4,100
B_manual,P53235,17,4,4,100
B_manual,P53252,15,4,4,100
B_manual,P53254,9,4,4,100
B_manual,P53312,12,4,4,100
B_manual,P53337,4,4,4,100
B_manual,P53582,13,4,4,100
B_manual,P53633,5,4,4,100
B_manual,P53739,5,4,4,100
B_manual,P53858,2,4,4,100
B_manual,P53868,3,4,4,100
B_manual,P53877,5,4,4,100
B_manual,P53883,5,4,4,100
B_manual,P53894,3,4,4,100
B_manual,P53903,5,4,4,100
B_manual,P53946,6,4,4,100
B_manual,P53950,2,4,4,100
B_manual,P53978,14,4,4,100
B_manual,P54105,7,4,4,100
B_manual,P54115,26,4,4,100
B_manual,P54252,2,4,4,100
B_manual,P54619,10,4,4,100
B_manual,P54783,15,4,4,100
B_manual,P54839,19,4,4,100
B_manual,P54861,20,4,4,100
B_manual,P54964,5,4,4,100
B_manual,P55072,46,4,4,100
B_manual,P55735,9,4,4,100
B_manual,P56385,4,4,4,100
B_manual,P57081,6,4,4,100
B_manual,P60293,13,4,4,100
B_manual,P60438,10,4,4,100
B_manual,P60723,10,4,4,100
B_manual,P60757,3,4,4,100
B_manual,P60785,20,4,4,100
B_manual,P60906,15,4,4,100
B_manual,P61020,4,4,4,100
B_manual,P61073,2,4,4,100
B_manual,P61077;P62837,2,4,4,100
B_manual,P61086,9,4,4,100
B_manual,P61160,14,4,4,100
B_manual,P61353,7,4,4,100
B_manual,P61714,6,4,4,100
B_manual,P61887,2,4,4,100
B_manual,P61916,6,4,4,100
B_manual,P62195,19,4,4,100
B_manual,P62241,11,4,4,100
B_manual,P62256,5,4,4,100
B_manual,P62269,9,4,4,100
B_manual,P62273,2,4,4,100
B_manual,P62306,5,4,4,100
B_manual,P62633,5,4,4,100
B_manual,P62768,7,4,4,100
B_manual,P62820,3,4,4,100
B_manual,P62942,5,4,4,100
B_manual,P63020,7,4,4,100
B_manual,P63096,6,4,4,100
B_manual,P63220,3,4,4,100
B_manual,P63241,10,4,4,100
B_manual,P63284,35,4,4,100
B_manual,P63386,7,4,4,100
B_manual,P63417,6,4,4,100
B_manual,P64506,2,4,4,100
B_manual,P64534,2,4,4,100
B_manual,P64559,2,4,4,100
B_manual,P64581,2,4,4,100
B_manual,P64596,7,4,4,100
B_manual,P65556,4,4,4,100
B_manual,P66817,3,4,4,100
B_manual,P66948,7,4,4,100
B_manual,P67826,2,4,4,100
B_manual,P67910,16,4,4,100
B_manual,P68366,5,4,4,100
B_manual,P68679,7,4,4,100
B_manual,P68919,6,4,4,100
B_manual,P69222,3,4,4,100
B_manual,P69228,7,4,4,100
B_manual,P69776,2,4,4,100
B_manual,P69924,15,4,4,100
B_manual,P75736,2,4,4,100
B_manual,P75767,2,4,4,100
B_manual,P75780,3,4,4,100
B_manual,P75849,7,4,4,100
B_manual,P75874,6,4,4,100
B_manual,P75937,11,4,4,100
B_manual,P75959,2,4,4,100
B_manual,P76014,8,4,4,100
B_manual,P76027,5,4,4,100
B_manual,P76034,8,4,4,100
B_manual,P76113,3,4,4,100
B_manual,P76206,6,4,4,100
B_manual,P76231,3,4,4,100
B_manual,P76270,7,4,4,100
B_manual,P76290,9,4,4,100
B_manual,P76291,7,4,4,100
B_manual,P76308,2,4,4,100
B_manual,P76346,4,4,4,100
B_manual,P76403,11,4,4,100
B_manual,P76569,4,4,4,100
B_manual,P76576,9,4,4,100
B_manual,P77173,7,4,4,100
B_manual,P77318,12,4,4,100
B_manual,P77695,4,4,4,100
B_manual,P77735,10,4,4,100
B_manual,P77737,9,4,4,100
B_manual,P78318,9,4,4,100
B_manual,P80235,10,4,4,100
B_manual,P82912,4,4,4,100
B_manual,P84077,2,4,4,100
B_manual,P89105,11,4,4,100
B_manual,P89886,5,4,4,100
B_manual,P98175,16,4,4,100
B_manual,P99999,6,4,4,100
B_manual,Q00362,3,4,4,100
B_manual,Q00653,3,4,4,100
B_manual,Q00688,7,4,4,100
B_manual,Q00764,16,4,4,100
B_manual,Q00772,6,4,4,100
B_manual,Q01082,111,4,4,100
B_manual,Q01477,10,4,4,100
B_manual,Q01519,4,4,4,100
B_manual,Q01581,13,4,4,100
B_manual,Q01970,25,4,4,100
B_manual,Q02046,12,4,4,100
B_manual,Q02204,6,4,4,100
B_manual,Q02206,2,3,4,75
B_manual,Q02256,5,4,4,100
B_manual,Q02354,4,4,4,100
B_manual,Q02413,10,4,4,100
B_manual,Q02455,18,4,4,100
B_manual,Q02486,5,4,4,100
B_manual,Q02753,7,4,4,100
B_manual,Q02792,9,4,4,100
B_manual,Q02809,28,4,4,100
B_manual,Q02821,11,4,4,100
B_manual,Q02878,12,4,4,100
B_manual,Q02884,2,4,4,100
B_manual,Q02908,4,4,4,100
B_manual,Q02931,13,4,4,100
B_manual,Q02933,2,4,4,100
B_manual,Q02939,2,4,4,100
B_manual,Q03322,2,4,4,100
B_manual,Q03558,20,4,4,100
B_manual,Q03655,12,4,4,100
B_manual,Q03701,28,4,4,100
B_manual,Q03707,6,4,4,100
B_manual,Q03713,3,4,4,100
B_manual,Q03761,8,4,4,100
B_manual,Q03769,5,4,4,100
B_manual,Q03771,5,4,4,100
B_manual,Q03862,14,4,4,100
B_manual,Q04067,10,4,4,100
B_manual,Q04225,13,4,4,100
B_manual,Q04401,3,4,4,100
B_manual,Q04409,10,4,4,100
B_manual,Q04410,2,2,4,50
B_manual,Q04438,3,4,4,100
B_manual,Q04439,6,4,4,100
B_manual,Q04458,9,4,4,100
B_manual,Q04493,3,4,4,100
B_manual,Q04599,8,4,4,100
B_manual,Q04603,4,4,4,100
B_manual,Q04632,3,4,4,100
B_manual,Q04721,17,4,4,100
B_manual,Q04781,6,4,4,100
B_manual,Q04869,7,4,4,100
B_manual,Q05029,2,2,4,50
B_manual,Q05050,28,4,4,100
B_manual,Q05506,34,4,4,100
B_manual,Q05584,4,4,4,100
B_manual,Q05682,20,4,4,100
B_manual,Q05775,9,4,4,100
B_manual,Q05788,3,4,4,100
B_manual,Q05812,7,4,4,100
B_manual,Q05911,22,4,4,100
B_manual,Q05926,2,4,4,100
B_manual,Q05946,3,4,4,100
B_manual,Q05948,4,4,4,100
B_manual,Q06053,6,4,4,100
B_manual,Q06205,7,4,4,100
B_manual,Q06214,4,4,4,100
B_manual,Q06287,5,4,4,100
B_manual,Q06338,5,4,4,100
B_manual,Q06506,6,4,4,100
B_manual,Q06624,3,4,4,100
B_manual,Q06839,5,4,4,100
B_manual,Q07451,4,4,4,100
B_manual,Q07505,5,4,4,100
B_manual,Q07551,10,4,4,100
B_manual,Q07623,4,4,4,100
B_manual,Q07807,10,4,4,100
B_manual,Q07824,2,4,4,100
B_manual,Q07844,6,4,4,100
B_manual,Q07864,11,4,4,100
B_manual,Q07938,4,4,4,100
B_manual,Q07954,22,4,4,100
B_manual,Q07960,18,4,4,100
B_manual,Q08096,5,4,4,100
B_manual,Q08287,2,2,4,50
B_manual,Q08380,12,4,4,100
B_manual,Q08438,2,2,4,50
B_manual,Q08554,3,4,4,100
B_manual,Q08645,5,4,4,100
B_manual,Q08647,15,4,4,100
B_manual,Q08686,10,4,4,100
B_manual,Q08962,2,4,4,100
B_manual,Q08965,7,4,4,100
B_manual,Q08972,33,4,4,100
B_manual,Q08AD1,16,4,4,100
B_manual,Q12009,2,4,4,100
B_manual,Q12025,4,4,4,100
B_manual,Q12029,5,4,4,100
B_manual,Q12040,2,4,4,100
B_manual,Q12044,15,4,4,100
B_manual,Q12072,2,4,4,100
B_manual,Q12074,13,4,4,100
B_manual,Q12080,3,4,4,100
B_manual,Q12122,18,4,4,100
B_manual,Q12125,9,4,4,100
B_manual,Q12149,5,4,4,100
B_manual,Q12159,9,4,4,100
B_manual,Q12163,4,4,4,100
B_manual,Q12189,7,4,4,100
B_manual,Q12230,13,4,4,100
B_manual,Q12265,12,4,4,100
B_manual,Q12277,2,4,4,100
B_manual,Q12287,2,4,4,100
B_manual,Q12314,7,4,4,100
B_manual,Q12341,2,4,4,100
B_manual,Q12354,2,4,4,100
B_manual,Q12355,4,4,4,100
B_manual,Q12373,2,1,4,25
B_manual,Q12387,3,4,4,100
B_manual,Q12427,6,4,4,100
B_manual,Q12434,7,4,4,100
B_manual,Q12458,14,4,4,100
B_manual,Q12497,3,4,4,100
B_manual,Q12500,5,4,4,100
B_manual,Q12514,7,4,4,100
B_manual,Q12522,4,4,4,100
B_manual,Q12753,5,4,4,100
B_manual,Q12906,35,4,4,100
B_manual,Q12972,10,4,4,100
B_manual,Q13017,2,4,4,100
B_manual,Q13123,15,4,4,100
B_manual,Q13217,12,4,4,100
B_manual,Q13257,5,4,4,100
B_manual,Q13404,8,4,4,100
B_manual,Q13561,16,4,4,100
B_manual,Q13619,21,4,4,100
B_manual,Q13636,6,4,4,100
B_manual,Q13685,8,4,4,100
B_manual,Q14254,14,4,4,100
B_manual,Q14498,17,4,4,100
B_manual,Q14738,15,4,4,100
B_manual,Q14764,29,4,4,100
B_manual,Q14807,10,4,4,100
B_manual,Q15054,6,4,4,100
B_manual,Q15070,8,4,4,100
B_manual,Q15084,14,4,4,100
B_manual,Q15233,21,4,4,100
B_manual,Q15269,21,4,4,100
B_manual,Q15291,8,4,4,100
B_manual,Q15326,4,4,4,100
B_manual,Q15404,8,4,4,100
B_manual,Q15528,2,4,4,100
B_manual,Q15645,23,4,4,100
B_manual,Q15648,8,4,4,100
B_manual,Q15650,7,4,4,100
B_manual,Q15717,10,4,4,100
B_manual,Q15758,8,4,4,100
B_manual,Q15813,16,4,4,100
B_manual,Q15833,10,4,4,100
B_manual,Q16537,9,4,4,100
B_manual,Q16539,7,4,4,100
B_manual,Q16644,6,4,4,100
B_manual,Q16698,7,4,4,100
B_manual,Q16740,8,4,4,100
B_manual,Q16773,3,4,4,100
B_manual,Q16822,12,4,4,100
B_manual,Q16851,19,4,4,100
B_manual,Q1KMD3,28,4,4,100
B_manual,Q27J81,27,4,4,100
B_manual,Q2NKX8,4,4,4,100
B_manual,Q2V2P7,2,4,4,100
B_manual,Q3E756,2,4,4,100
B_manual,Q3E7Z5,4,4,4,100
B_manual,Q3ZAQ7,3,4,4,100
B_manual,Q3ZCW2,2,4,4,100
B_manual,Q46798,2,4,4,100
B_manual,Q46856,12,4,4,100
B_manual,Q46863,7,4,4,100
B_manual,Q46919,3,4,4,100
B_manual,Q46920,7,4,4,100
B_manual,Q46948,4,4,4,100
B_manual,Q53H82,4,4,4,100
B_manual,Q57261,2,4,4,100
B_manual,Q5D862,4,4,4,100
B_manual,Q5HYK3,4,4,4,100
B_manual,Q5JRA6,14,4,4,100
B_manual,Q5JVF3,12,4,4,100
B_manual,Q5T0F9,2,4,4,100
B_manual,Q5T1J5;Q9Y6H1,3,4,4,100
B_manual,Q5VT52,27,4,4,100
B_manual,Q5VT79,13,4,4,100
B_manual,Q5VZE5,4,4,4,100
B_manual,Q5XPI4,3,4,4,100
B_manual,Q5ZPR3,7,4,4,100
B_manual,Q6DD87,2,4,4,100
B_manual,Q6EMK4,7,4,4,100
B_manual,Q6IA86,15,4,4,100
B_manual,Q6NZI2,12,4,4,100
B_manual,Q6P1K2,2,4,4,100
B_manual,Q6P1X6,2,4,4,100
B_manual,Q6RFH5,11,4,4,100
B_manual,Q6UB35,24,4,4,100
B_manual,Q6UWE0,8,4,4,100
B_manual,Q6YHK3,23,4,4,100
B_manual,Q71U36,26,4,4,100
B_manual,Q71UM5,4,4,4,100
B_manual,Q7L5N7,10,4,4,100
B_manual,Q7L9L4;Q9H8S9,4,4,4,100
B_manual,Q7Z4H8,5,4,4,100
B_manual,Q7Z6E9,3,4,4,100
B_manual,Q7Z6I8,2,4,4,100
B_manual,Q7Z739,11,4,4,100
B_manual,Q86TC9,4,4,4,100
B_manual,Q86TI2,12,4,4,100
B_manual,Q86VS8,11,4,4,100
B_manual,Q86VW0,4,4,4,100
B_manual,Q86W56,5,4,4,100
B_manual,Q86Y79,3,4,4,100
B_manual,Q8IU85,6,4,4,100
B_manual,Q8IWA4,8,4,4,100
B_manual,Q8IX03,2,3,4,75
B_manual,Q8IX18,3,4,4,100
B_manual,Q8IXW5,2,3,4,75
B_manual,Q8IY17,3,4,4,100
B_manual,Q8IYI6,7,4,4,100
B_manual,Q8IZ21,9,4,4,100
B_manual,Q8N108,7,4,4,100
B_manual,Q8N4J0,3,4,4,100
B_manual,Q8N4V1,3,4,4,100
B_manual,Q8N5M1,6,4,4,100
B_manual,Q8N5V2,3,4,4,100
B_manual,Q8N766,27,4,4,100
B_manual,Q8N8A6,9,4,4,100
B_manual,Q8N954,2,4,4,100
B_manual,Q8NC44,3,4,4,100
B_manual,Q8NCH0,5,4,4,100
B_manual,Q8NCW5,5,4,4,100
B_manual,Q8NFH3,10,4,4,100
B_manual,Q8NFH5,7,4,4,100
B_manual,Q8NFJ5,5,4,4,100
B_manual,Q8NHP8,6,4,4,100
B_manual,Q8TDP1,4,4,4,100
B_manual,Q8WUY3,2,4,4,100
B_manual,Q8WVX9,8,4,4,100
B_manual,Q8WWM7,25,4,4,100
B_manual,Q8WXD5,2,4,4,100
B_manual,Q8WY22,2,4,4,100
B_manual,Q8WYA6,14,4,4,100
B_manual,Q8WZA0,9,4,4,100
B_manual,Q92331,7,4,4,100
B_manual,Q92542,7,4,4,100
B_manual,Q92597,9,4,4,100
B_manual,Q92665,5,4,4,100
B_manual,Q92820,11,4,4,100
B_manual,Q92879,7,4,4,100
B_manual,Q92889,4,4,4,100
B_manual,Q93050,17,4,4,100
B_manual,Q93074,4,4,4,100
B_manual,Q969P6,4,4,4,100
B_manual,Q969S3,7,4,4,100
B_manual,Q969Z0,13,4,4,100
B_manual,Q96BZ8,3,4,4,100
B_manual,Q96C36,8,4,4,100
B_manual,Q96C86,9,4,4,100
B_manual,Q96EC8,2,4,4,100
B_manual,Q96EL3,3,4,4,100
B_manual,Q96G97,2,4,4,100
B_manual,Q96GD4,7,4,4,100
B_manual,Q96H20,3,4,4,100
B_manual,Q96I15,4,4,4,100
B_manual,Q96I99,16,4,4,100
B_manual,Q96M27,7,4,4,100
B_manual,Q96N67,22,4,4,100
B_manual,Q96P47,5,4,4,100
B_manual,Q96PU4,3,4,4,100
B_manual,Q96RS6,15,4,4,100
B_manual,Q96SU4,13,4,4,100
B_manual,Q96TC7,10,4,4,100
B_manual,Q99207,6,4,4,100
B_manual,Q99257,7,4,4,100
B_manual,Q99287,11,4,4,100
B_manual,Q99383,12,4,4,100
B_manual,Q99519,3,4,4,100
B_manual,Q99536,18,4,4,100
B_manual,Q99543,15,4,4,100
B_manual,Q99567,14,4,4,100
B_manual,Q99598,12,4,4,100
B_manual,Q99798,32,4,4,100
B_manual,Q99816,7,4,4,100
B_manual,Q99873,17,4,4,100
B_manual,Q99961,9,4,4,100
B_manual,Q99986,10,4,4,100
B_manual,Q9BQ15,3,4,4,100
B_manual,Q9BQ61,4,4,4,100
B_manual,Q9BQ67,10,4,4,100
B_manual,Q9BQP7,7,4,4,100
B_manual,Q9BRU9,2,4,4,100
B_manual,Q9BTE6,11,4,4,100
B_manual,Q9BUL5,3,4,4,100
B_manual,Q9BVL2,5,4,4,100
B_manual,Q9BVV7,3,4,4,100
B_manual,Q9BW27,14,4,4,100
B_manual,Q9BXB5,8,4,4,100
B_manual,Q9BXS6,13,4,4,100
B_manual,Q9BXW7,8,4,4,100
B_manual,Q9BY42,6,4,4,100
B_manual,Q9BYC8,3,4,4,100
B_manual,Q9BYT8,18,4,4,100
B_manual,Q9BZE4,27,4,4,100
B_manual,Q9BZL4,3,4,4,100
B_manual,Q9GZM5,3,4,4,100
B_manual,Q9GZT9,5,4,4,100
B_manual,Q9H098,4,4,4,100
B_manual,Q9H0G5,2,4,4,100
B_manual,Q9H0R4,2,4,4,100
B_manual,Q9H0U3,5,4,4,100
B_manual,Q9H0W9,5,4,4,100
B_manual,Q9H1A4,15,4,4,100
B_manual,Q9H201,2,4,4,100
B_manual,Q9H2W6,9,4,4,100
B_manual,Q9H3F6,2,4,4,100
B_manual,Q9H410,4,4,4,100
B_manual,Q9H4G0,18,4,4,100
B_manual,Q9H4L7,10,4,4,100
B_manual,Q9H553,7,4,4,100
B_manual,Q9H5N1,4,4,4,100
B_manual,Q9H900,4,4,4,100
B_manual,Q9H9A6,19,4,4,100
B_manual,Q9H9P8,6,4,4,100
B_manual,Q9H9T3,9,4,4,100
B_manual,Q9HC21,5,4,4,100
B_manual,Q9HC35,13,4,4,100
B_manual,Q9HWK6,13,4,4,100
B_manual,Q9NPL8,2,4,4,100
B_manual,Q9NQT5,6,4,4,100
B_manual,Q9NRF9,3,4,4,100
B_manual,Q9NRN9,3,4,4,100
B_manual,Q9NRX5,2,4,4,100
B_manual,Q9NRY4,13,4,4,100
B_manual,Q9NUQ7,6,4,4,100
B_manual,Q9NVA1,2,4,4,100
B_manual,Q9NVS2,5,4,4,100
B_manual,Q9NVX2,13,4,4,100
B_manual,Q9NWT1,5,4,4,100
B_manual,Q9NWU5,7,4,4,100
B_manual,Q9NX20,6,4,4,100
B_manual,Q9NX55,4,4,4,100
B_manual,Q9NY26,2,4,4,100
B_manual,Q9NYL9,20,4,4,100
B_manual,Q9NZ43,3,4,4,100
B_manual,Q9NZC9,6,4,4,100
B_manual,Q9NZJ7,7,4,4,100
B_manual,Q9NZL4,11,4,4,100
B_manual,Q9P000,9,4,4,100
B_manual,Q9P0J0,7,4,4,100
B_manual,Q9UBB6,10,4,4,100
B_manual,Q9UBG0,5,4,4,100
B_manual,Q9UBU8,9,4,4,100
B_manual,Q9UDY2,28,4,4,100
B_manual,Q9UFN0,5,4,4,100
B_manual,Q9UHB6,21,4,4,100
B_manual,Q9UJ83,9,4,4,100
B_manual,Q9UJA5,8,4,4,100
B_manual,Q9UJS0,19,4,4,100
B_manual,Q9UJX3,16,4,4,100
B_manual,Q9UJX5,6,4,4,100
B_manual,Q9UKS6,12,4,4,100
B_manual,Q9UKX7,15,4,4,100
B_manual,Q9UL42,2,4,4,100
B_manual,Q9ULW0,18,4,4,100
B_manual,Q9ULW3,2,4,4,100
B_manual,Q9UM00,3,4,4,100
B_manual,Q9UMR2,2,4,4,100
B_manual,Q9UNE7,8,4,4,100
B_manual,Q9UPT8,11,4,4,100
B_manual,Q9Y232,7,4,4,100
B_manual,Q9Y281,10,4,4,100
B_manual,Q9Y2K7,11,4,4,100
B_manual,Q9Y2W1,22,4,4,100
B_manual,Q9Y2X7,15,4,4,100
B_manual,Q9Y3B3,5,4,4,100
B_manual,Q9Y3C0,3,4,4,100
B_manual,Q9Y3E5,5,4,4,100
B_manual,Q9Y3Z3,17,4,4,100
B_manual,Q9Y4E1,3,4,4,100
B_manual,Q9Y4R8,16,4,4,100
B_manual,Q9Y520,48,4,4,100
B_manual,Q9Y5J1,12,4,4,100
B_manual,Q9Y5J7,3,4,4,100
B_manual,Q9Y5K6,18,4,4,100
B_manual,Q9Y5P6,7,4,4,100
B_manual,Q9Y5S2,27,4,4,100
B_manual,Q9Y657,6,4,4,100
B_manual,Q9Y6K9,7,4,4,100
B_manual,Q9Y6W3,2,4,4,100
