R.FileName,R.Replicate,R.Condition,PG.ProteinGroups,EG.ModifiedPeptide,PEP.StrippedSequence,peptide_intensity
20230222_Exp...anual_MixA_TR1,1,A_manual,A0PJW6,_GEVPAMLPLK_,GEVPAMLPLK,12263.12890625
20230222_Exp...anual_MixA_TR1,1,A_manual,A0PJW6,_LFDNTVGAYR_,LFDNTVGAYR,18185.35546875
20230222_Exp...anual_MixA_TR1,1,A_manual,A1X283,_AAAASVPNADGLK_,AAAASVPNADGLK,12529.6865234375
20230222_Exp...anual_MixA_TR1,1,A_manual,A1X283,_EGWAPATFIDK_,EGWAPATFIDK,6625.37939453125
20230222_Exp...anual_MixA_TR1,1,A_manual,A1X283,_FEGRPVPDGDAK_,FEGRPVPDGDAK,3225.517333984375
20230222_Exp...anual_MixA_TR1,1,A_manual,A1X283,_LGEAAALENNTGSEATGPSRPLPDAPHGVMDSGLPWSK_,LGEAAALENNTGSEATGPSRPLPDAPHGVMDSGLPWSK,5767.40966796875
20230222_Exp...anual_MixA_TR1,1,A_manual,A1X283,_SLLDGEGPQAVGGQDVAFSR_,SLLDGEGPQAVGGQDVAFSR,2322.91259765625
20230222_Exp...anual_MixA_TR1,1,A_manual,A1X283,_SVPVPLQEAPQQR_,SVPVPLQEAPQQR,6064.21142578125
20230222_Exp...anual_MixA_TR1,1,A_manual,A1X283,_TDLPEEKPDATPQNPFLK_,TDLPEEKPDATPQNPFLK,9141.1162109375
20230222_Exp...anual_MixA_TR1,1,A_manual,A1X283,_VTWSSGSTEAIYR_,VTWSSGSTEAIYR,7835.68505859375
20230222_Exp...anual_MixA_TR1,1,A_manual,A1X283,_YTVIYPYTAR_,YTVIYPYTAR,11841.916015625
20230222_Exp...anual_MixA_TR1,1,A_manual,A5Z2X5,_LTGNPELSSLDEVLAK_,LTGNPELSSLDEVLAK,248208.404296875
20230222_Exp...anual_MixA_TR1,1,A_manual,L0R6Q1,_DYLQLLR_,DYLQLLR,55120.2421875
20230222_Exp...anual_MixA_TR1,1,A_manual,L0R6Q1,_GFLAGYVVAK_,GFLAGYVVAK,40748.91015625
20230222_Exp...anual_MixA_TR1,1,A_manual,L0R6Q1,_NQLESLQR_,NQLESLQR,37823.90234375
